country,year,composite_v1,composite_v2,tier_v1,tier_v2
Afghanistan,2024,0.35970035,0.509636904,Medium,High
Afghanistan,2025,0.3652592,0.521882746,High,High
Afghanistan,2026,0.37080305,0.5340953399999999,High,High
Afghanistan,2027,0.3763464,0.5463076979999999,High,High
American Samoa,2024,0.36881189999999997,0.51337651,High,High
American Samoa,2025,0.3737314,0.5253892299999999,High,High
American Samoa,2026,0.37863769999999997,0.53736997,High,High
American Samoa,2027,0.3835441,0.5493501219999999,High,High
Andorra,2024,0.3705097,0.5221101539999999,High,High
Andorra,2025,0.3757159,0.534671818,High,High
Andorra,2026,0.38090735,0.547198392,High,High
Andorra,2027,0.38609895,0.559725618,High,High
Angola,2024,0.3127795,0.48905755399999995,Medium,High
Angola,2025,0.31455485,0.49972760999999993,Medium,High
Angola,2026,0.3163249,0.510368426,Medium,High
Angola,2027,0.31809495,0.5210092059999999,Medium,High
Anguilla,2024,0.36206119999999997,0.5109382779999999,High,High
Anguilla,2025,0.36696465,0.5229724179999999,High,High
Anguilla,2026,0.37185435,0.53497363,High,High
Anguilla,2027,0.37674435,0.546974948,High,High
Argentina,2024,0.40983065,0.5370535399999999,High,High
Argentina,2025,0.41699200000000003,0.5503082119999999,High,High
Argentina,2026,0.42413449999999997,0.563526624,High,High
Argentina,2027,0.4312767,0.576744894,High,High
Armenia,2024,0.4021175,0.52926588,High,High
Armenia,2025,0.4076734,0.541584526,High,High
Armenia,2026,0.41321465,0.55386982,High,High
Armenia,2027,0.4187556,0.566155008,High,High
Aruba,2024,0.3570078,0.50942966,Medium,High
Aruba,2025,0.3615286,0.5212923139999999,Medium,High
Aruba,2026,0.36603645,0.53312189,High,High
Aruba,2027,0.37054505,0.54495233,High,High
Australia,2024,0.3950388,0.5433510539999999,High,High
Australia,2025,0.4002706,0.556056178,High,High
Australia,2026,0.4054878,0.568725664,High,High
Australia,2027,0.41070520000000005,0.581395808,High,High
Austria,2024,0.48849865000000003,0.677029008,High,High
Austria,2025,0.49482085,0.6932616119999999,High,High
Austria,2026,0.5011257,0.7094493719999999,High,High
Austria,2027,0.50743055,0.72563766,High,High
Azerbaijan,2024,0.34205655,0.435691948,Medium,High
Azerbaijan,2025,0.34634750000000003,0.4452193199999999,Medium,High
Azerbaijan,2026,0.35062665,0.454720232,Medium,High
Azerbaijan,2027,0.35490605,0.4642212799999999,Medium,High
"Bahamas, The",2024,0.35154799999999997,0.507244014,Medium,High
"Bahamas, The",2025,0.3561129,0.519128262,Medium,High
"Bahamas, The",2026,0.3606651,0.53098006,Medium,High
"Bahamas, The",2027,0.36521735,0.5428318639999999,High,High
Bahrain,2024,0.38886960000000004,0.523575288,High,High
Bahrain,2025,0.39477445,0.5360809019999999,High,High
Bahrain,2026,0.40066375,0.548552356,High,High
Bahrain,2027,0.40655275,0.561024232,High,High
Bangladesh,2024,0.2822856,0.31304215599999996,Low,Medium
Bangladesh,2025,0.2885232,0.323265364,Low,Medium
Bangladesh,2026,0.2947437,0.33346049599999994,Medium,Medium
Bangladesh,2027,0.30096465,0.34365642199999996,Medium,Medium
Barbados,2024,0.3721727,0.5169768899999999,High,High
Barbados,2025,0.37686155,0.528916996,High,High
Barbados,2026,0.38153695,0.5408243159999999,High,High
Barbados,2027,0.38621285,0.552731872,High,High
Belarus,2024,0.3911928,0.54743959,High,High
Belarus,2025,0.3953543,0.5604727939999999,High,High
Belarus,2026,0.3995046,0.57347066,High,High
Belarus,2027,0.40365495,0.5864685319999999,High,High
Belgium,2024,0.39565925,0.543152694,High,High
Belgium,2025,0.39902075000000004,0.5519677179999999,High,High
Belgium,2026,0.4023735,0.560759108,High,High
Belgium,2027,0.40572600000000003,0.569550362,High,High
Bermuda,2024,0.35701170000000004,0.5090571979999999,Medium,High
Bermuda,2025,0.3620465,0.521145612,High,High
Bermuda,2026,0.3670666,0.5332001399999999,High,High
Bermuda,2027,0.37208725,0.545254874,High,High
Bhutan,2024,0.3846541,0.521146888,High,High
Bhutan,2025,0.39134965,0.53389747,High,High
Bhutan,2026,0.39802669999999996,0.5466127319999999,High,High
Bhutan,2027,0.40470405000000004,0.5593281,High,High
Bolivia,2024,0.36602605,0.504188562,High,High
Bolivia,2025,0.37177955,0.5161542299999999,High,High
Bolivia,2026,0.37751704999999997,0.528087232,High,High
Bolivia,2027,0.3832543,0.540020098,High,High
Botswana,2024,0.37219995,0.513318464,High,High
Botswana,2025,0.37671679999999996,0.5250617639999999,High,High
Botswana,2026,0.3812213,0.5367731219999999,High,High
Botswana,2027,0.3857261,0.5484845859999999,High,High
Brazil,2024,0.40315805,0.539445976,High,High
Brazil,2025,0.4071036,0.551199802,High,High
Brazil,2026,0.41103855,0.562922062,High,High
Brazil,2027,0.4149735,0.5746443219999999,High,High
British Virgin Islands,2024,0.3621078,0.511117602,High,High
British Virgin Islands,2025,0.36700750000000004,0.523153132,High,High
British Virgin Islands,2026,0.3718934,0.5351562919999999,High,High
British Virgin Islands,2027,0.3767794,0.5471588999999999,High,High
Brunei Darussalam,2024,0.3882224,0.5216532079999999,High,High
Brunei Darussalam,2025,0.395389,0.5364114139999999,High,High
Brunei Darussalam,2026,0.40253554999999996,0.551128718,High,High
Brunei Darussalam,2027,0.4096823,0.565846644,High,High
Bulgaria,2024,0.3719616,0.500800848,High,High
Bulgaria,2025,0.3758135,0.5139994019999999,High,High
Bulgaria,2026,0.37965495,0.5271612379999999,High,High
Bulgaria,2027,0.3834963,0.540323626,High,High
Burkina Faso,2024,0.30729615,0.48616997799999995,Medium,High
Burkina Faso,2025,0.31254250000000006,0.498302612,Medium,High
Burkina Faso,2026,0.3177744,0.5104016039999999,Medium,High
Burkina Faso,2027,0.32300655,0.5225006959999999,Medium,High
Burundi,2024,0.3003941,0.48270393599999994,Medium,High
Burundi,2025,0.3058675,0.49493027399999995,Medium,High
Burundi,2026,0.31132610000000005,0.50712335,Medium,High
Burundi,2027,0.31678445,0.5193157979999999,Medium,High
Cabo Verde,2024,0.34785345,0.503849318,Medium,High
Cabo Verde,2025,0.35227335000000004,0.5156620719999999,Medium,High
Cabo Verde,2026,0.35668155,0.527442812,Medium,High
Cabo Verde,2027,0.36109025,0.5392237879999999,Medium,High
Cambodia,2024,0.4561076,0.555295114,High,High
Cambodia,2025,0.46613375,0.56975916,High,High
Cambodia,2026,0.47613275,0.584183318,High,High
Cambodia,2027,0.4861314,0.598607892,High,High
Cameroon,2024,0.32044554999999997,0.4919038859999999,Medium,High
Cameroon,2025,0.32574745,0.504136864,Medium,High
Cameroon,2026,0.3310344,0.51633582,Medium,High
Cameroon,2027,0.33632185,0.52853554,Medium,High
Canada,2024,0.39555295,0.5449684539999999,High,High
Canada,2025,0.3990211,0.55670692,High,High
Canada,2026,0.40248019999999995,0.5684140779999999,High,High
Canada,2027,0.4059393,0.580121236,High,High
Cayman Islands,2024,0.3507862,0.5070247379999999,Medium,High
Cayman Islands,2025,0.3552379,0.5188822759999999,Medium,High
Cayman Islands,2026,0.3596776,0.530707694,Medium,High
Cayman Islands,2027,0.3641176,0.5425331819999999,High,High
Central African Republic,2024,0.3413503,0.502430182,Medium,High
Central African Republic,2025,0.34688605,0.514704348,Medium,High
Central African Republic,2026,0.35240695,0.526945738,Medium,High
Central African Republic,2027,0.35792735000000003,0.539186364,Medium,High
Chad,2024,0.31237115,0.48898360799999996,Medium,High
Chad,2025,0.3174841,0.5010699179999999,Medium,High
Chad,2026,0.32258355,0.5131240719999999,Medium,High
Chad,2027,0.3276833,0.525178368,Medium,High
Chile,2024,0.36769585,0.5075160019999999,High,High
Chile,2025,0.37219080000000004,0.5189728739999999,High,High
Chile,2026,0.376674,0.530398854,High,High
Chile,2027,0.3811567,0.541824034,High,High
China,2024,0.5383432,0.604389298,High,High
China,2025,0.5470121,0.618238518,High,High
China,2026,0.55565725,0.6320506239999999,High,High
China,2027,0.56430245,0.645862172,High,High
Colombia,2024,0.3967668,0.571603938,High,High
Colombia,2025,0.40240035,0.5860009719999999,High,High
Colombia,2026,0.40801825,0.6003588219999999,High,High
Colombia,2027,0.41363615,0.614716144,High,High
"Congo, Dem. Rep.",2024,0.3435199,0.4996567819999999,Medium,High
"Congo, Dem. Rep.",2025,0.34782635,0.51126023,Medium,High
"Congo, Dem. Rep.",2026,0.3521211,0.522831532,Medium,High
"Congo, Dem. Rep.",2027,0.35641605000000004,0.534403528,Medium,High
"Congo, Rep.",2024,0.34901055,0.5035401279999999,Medium,High
"Congo, Rep.",2025,0.35363265,0.515468804,Medium,High
"Congo, Rep.",2026,0.35824195000000003,0.52736551,Medium,High
"Congo, Rep.",2027,0.36285135,0.539261664,High,High
Costa Rica,2024,0.3934267,0.5272035079999999,High,High
Costa Rica,2025,0.39876845,0.5395229119999999,High,High
Costa Rica,2026,0.40409510000000004,0.551808026,High,High
Costa Rica,2027,0.40942175,0.564093176,High,High
Cote d'Ivoire,2024,0.32321345,0.4935345139999999,Medium,High
Cote d'Ivoire,2025,0.32821925,0.5055732319999999,Medium,High
Cote d'Ivoire,2026,0.33321165,0.51757875,Medium,High
Cote d'Ivoire,2027,0.33820375,0.52958469,Medium,High
Croatia,2024,0.39568515,0.526132194,High,High
Croatia,2025,0.39955695,0.5370884359999999,High,High
Croatia,2026,0.40341815,0.548014982,High,High
Croatia,2027,0.4072793,0.5589415579999999,High,High
Cuba,2024,0.35016405,0.506340102,Medium,High
Cuba,2025,0.35492,0.518318132,Medium,High
Cuba,2026,0.35966265,0.530263992,Medium,High
Cuba,2027,0.3644054,0.5422092999999999,High,High
Curacao,2024,0.3598439,0.5106499139999999,Medium,High
Curacao,2025,0.36455675,0.522600078,High,High
Curacao,2026,0.3692561,0.53451745,High,High
Curacao,2027,0.373956,0.546435028,High,High
Cyprus,2024,0.39291889999999996,0.527735278,High,High
Cyprus,2025,0.39838205,0.5414911059999999,High,High
Cyprus,2026,0.40383015,0.555209412,High,High
Cyprus,2027,0.4092785,0.5689278179999999,High,High
Czech Republic,2024,0.4662941,0.6274553059999999,High,High
Czech Republic,2025,0.4741124,0.644473092,High,High
Czech Republic,2026,0.48191025000000004,0.661445242,High,High
Czech Republic,2027,0.4897074,0.6784164979999999,High,High
Czechia,2024,0.41186415,0.5456996839999999,High,High
Czechia,2025,0.41691105,0.55778323,High,High
Czechia,2026,0.42194395,0.56983322,High,High
Czechia,2027,0.4269763,0.581882968,High,High
Denmark,2024,0.50239055,0.7469690899999999,High,High
Denmark,2025,0.50861455,0.7626930919999999,High,High
Denmark,2026,0.5148213,0.7783735319999999,High,High
Denmark,2027,0.52102825,0.7940546299999999,High,High
Djibouti,2024,0.36698055,0.511522272,High,High
Djibouti,2025,0.3727922,0.523920256,High,High
Djibouti,2026,0.37858790000000003,0.53628449,High,High
Djibouti,2027,0.3843841,0.54864896,High,High
Dominica,2024,0.36004895000000003,0.5104713959999999,Medium,High
Dominica,2025,0.3643979,0.522230628,High,High
Dominica,2026,0.3687354,0.5339586179999999,High,High
Dominica,2027,0.37307245,0.5456858499999999,High,High
Ecuador,2024,0.3810133,0.598347208,High,High
Ecuador,2025,0.38717789999999996,0.6154536519999999,High,High
Ecuador,2026,0.39332525,0.632513502,High,High
Ecuador,2027,0.3994731,0.649573588,High,High
"Egypt, Arab Rep.",2024,0.39579050000000005,0.5115344479999999,High,High
"Egypt, Arab Rep.",2025,0.40125175,0.523280836,High,High
"Egypt, Arab Rep.",2026,0.4066981,0.534995114,High,High
"Egypt, Arab Rep.",2027,0.41214470000000003,0.546709492,High,High
El Salvador,2024,0.39982985000000004,0.5265431079999999,High,High
El Salvador,2025,0.40485614999999997,0.5385245879999999,High,High
El Salvador,2026,0.4098684,0.550473322,High,High
El Salvador,2027,0.41488045,0.562421398,High,High
Equatorial Guinea,2024,0.36012215000000003,0.507056288,Medium,High
Equatorial Guinea,2025,0.36557300000000004,0.519212028,High,High
Equatorial Guinea,2026,0.37100835,0.531333828,High,High
Equatorial Guinea,2027,0.3764437,0.5434556279999999,High,High
Eswatini,2024,0.3966632,0.5231022519999999,High,High
Eswatini,2025,0.40211090000000005,0.53530176,High,High
Eswatini,2026,0.40754345000000003,0.547467368,High,High
Eswatini,2027,0.41297649999999997,0.55963374,High,High
Faroe Islands,2024,0.36456299999999997,0.51195576,High,High
Faroe Islands,2025,0.3701,0.524242742,High,High
Faroe Islands,2026,0.3756217,0.536496754,High,High
Faroe Islands,2027,0.3811435,0.548750214,High,High
Fiji,2024,0.3727297,0.518666294,High,High
Fiji,2025,0.3781445,0.5310349459999999,High,High
Fiji,2026,0.3835446,0.5433699879999999,High,High
Fiji,2027,0.38894525,0.555705236,High,High
Finland,2024,0.3763761,0.5336869759999999,High,High
Finland,2025,0.3792957,0.542579956,High,High
Finland,2026,0.38220719999999997,0.5514481139999999,High,High
Finland,2027,0.38511815,0.56031603,High,High
France,2024,0.39102329999999996,0.55846117,High,High
France,2025,0.39487085,0.5709479319999999,High,High
France,2026,0.3987076,0.5834004939999999,High,High
France,2027,0.40254465,0.5958531979999999,High,High
French Polynesia,2024,0.3633399,0.5114618959999999,High,High
French Polynesia,2025,0.36790265,0.523359178,High,High
French Polynesia,2026,0.37245265,0.535223932,High,High
French Polynesia,2027,0.3770027,0.547088692,High,High
Gabon,2024,0.3744562,0.5127410459999999,High,High
Gabon,2025,0.38082775,0.5253373239999999,High,High
Gabon,2026,0.38718215,0.5378988659999999,High,High
Gabon,2027,0.3935363,0.5504602719999999,High,High
Georgia,2024,0.40580385,0.5321535419999999,High,High
Georgia,2025,0.41223509999999997,0.5449256539999999,High,High
Georgia,2026,0.41864830000000003,0.557662208,High,High
Georgia,2027,0.42506175,0.5703994259999999,High,High
Germany,2024,0.54819,0.71911198,High,High
Germany,2025,0.55422395,0.734663526,High,High
Germany,2026,0.56024115,0.7501722379999999,High,High
Germany,2027,0.56625815,0.7656808199999999,High,High
Ghana,2024,0.35243035,0.50837713,Medium,High
Ghana,2025,0.35771315,0.5205847219999999,Medium,High
Ghana,2026,0.36298240000000004,0.53275959,High,High
Ghana,2027,0.36825110000000005,0.544934252,High,High
Gibraltar,2024,0.36188805,0.511029702,Medium,High
Gibraltar,2025,0.36674475,0.5230480319999999,High,High
Gibraltar,2026,0.37158815,0.5350341919999999,High,High
Gibraltar,2027,0.37643139999999997,0.5470196999999999,High,High
Greece,2024,0.38196095,0.51517463,High,High
Greece,2025,0.38775000000000004,0.528509938,High,High
Greece,2026,0.39352345,0.541808958,High,High
Greece,2027,0.39929665000000003,0.5551073139999999,High,High
Greenland,2024,0.3504098,0.506438402,Medium,High
Greenland,2025,0.35539275000000004,0.5185072319999999,Medium,High
Greenland,2026,0.36036165,0.5305435919999999,Medium,High
Greenland,2027,0.3653309,0.5425794999999999,High,High
Guam,2024,0.3583443,0.509612202,Medium,High
Guam,2025,0.3628775,0.521501132,High,High
Guam,2026,0.36739815,0.5333581919999999,High,High
Guam,2027,0.3719189,0.5452146999999999,High,High
Guinea,2024,0.34058639999999996,0.4994318259999999,Medium,High
Guinea,2025,0.34611655,0.511598334,Medium,High
Guinea,2026,0.3516313,0.5237316219999999,Medium,High
Guinea,2027,0.35714585,0.5358647799999999,Medium,High
Guyana,2024,0.36100794999999997,0.508782538,Medium,High
Guyana,2025,0.3656521,0.520576364,High,High
Guyana,2026,0.3702839,0.532338212,High,High
Guyana,2027,0.3749157,0.5440995319999999,High,High
Haiti,2024,0.35433965,0.5052232059999999,Medium,High
Haiti,2025,0.35954400000000003,0.5173049459999999,Medium,High
Haiti,2026,0.36473350000000004,0.52935409,High,High
Haiti,2027,0.36992355,0.5414034759999999,High,High
Honduras,2024,0.40781645,0.5312647659999999,High,High
Honduras,2025,0.4134277,0.543543404,High,High
Honduras,2026,0.41902385,0.55578871,High,High
Honduras,2027,0.42461925,0.5680331519999999,High,High
"Hong Kong SAR, China",2024,0.4305693,0.553668056,High,High
"Hong Kong SAR, China",2025,0.4362915,0.5662533639999999,High,High
"Hong Kong SAR, China",2026,0.44199780000000005,0.57880362,High,High
"Hong Kong SAR, China",2027,0.44770415,0.591353846,High,High
Hungary,2024,0.4088229,0.532931826,High,High
Hungary,2025,0.4147549,0.546867252,High,High
Hungary,2026,0.4206708,0.560764606,High,High
Hungary,2027,0.42658630000000003,0.574661172,High,High
Iceland,2024,0.36743285000000003,0.516659324,High,High
Iceland,2025,0.36949655000000003,0.525276228,High,High
Iceland,2026,0.37155380000000005,0.533868904,High,High
Iceland,2027,0.37361175,0.542462474,High,High
India,2024,0.42575285,0.554902512,High,High
India,2025,0.4318453,0.567941308,High,High
India,2026,0.4379207,0.580944072,High,High
India,2027,0.44399655,0.593947594,High,High
Indonesia,2024,0.38379375,0.512601278,High,High
Indonesia,2025,0.38787525,0.524031386,High,High
Indonesia,2026,0.39194514999999996,0.535429528,High,High
Indonesia,2027,0.39601575,0.546828564,High,High
"Iran, Islamic Rep.",2024,0.455815,0.550469596,High,High
"Iran, Islamic Rep.",2025,0.463726,0.563768032,High,High
"Iran, Islamic Rep.",2026,0.4716157,0.577030912,High,High
"Iran, Islamic Rep.",2027,0.4795049,0.5902930639999999,High,High
Iraq,2024,0.3869656,0.522313446,High,High
Iraq,2025,0.39222795,0.534506674,High,High
Iraq,2026,0.3974763,0.546666912,High,High
Iraq,2027,0.40272465,0.5588271499999999,High,High
Ireland,2024,0.45833075,0.6194416239999999,High,High
Ireland,2025,0.46136604999999997,0.6318345379999999,High,High
Ireland,2026,0.4643934,0.6441945659999999,High,High
Ireland,2027,0.46742055000000005,0.6565539,High,High
Isle of Man,2024,0.3457828,0.504587602,Medium,High
Isle of Man,2025,0.3498635,0.516295532,Medium,High
Isle of Man,2026,0.35393265,0.5279719919999999,Medium,High
Isle of Man,2027,0.35800215,0.5396479999999999,Medium,High
Israel,2024,0.3815566,0.525842908,High,High
Israel,2025,0.38589955,0.5377815559999999,High,High
Israel,2026,0.39022999999999997,0.5496874279999999,High,High
Israel,2027,0.39456075,0.5615928779999999,High,High
Italy,2024,0.39917095,0.54198149,High,High
Italy,2025,0.40352785,0.5545982819999999,High,High
Italy,2026,0.40787260000000003,0.56718012,High,High
Italy,2027,0.41221735000000004,0.579761958,High,High
Jamaica,2024,0.36759655,0.51364893,High,High
Jamaica,2025,0.37251215,0.525674228,High,High
Jamaica,2026,0.37741460000000004,0.537666882,High,High
Jamaica,2027,0.38231695,0.549660124,High,High
Japan,2024,0.4662293,0.6019378799999999,High,High
Japan,2025,0.47063625,0.6152791719999999,High,High
Japan,2026,0.47503134999999996,0.6285845499999999,High,High
Japan,2027,0.47942625,0.64188927,High,High
Kazakhstan,2024,0.3584382,0.49038965399999995,Medium,High
Kazakhstan,2025,0.3626987,0.501542784,High,High
Kazakhstan,2026,0.36694795,0.5126657499999999,High,High
Kazakhstan,2027,0.37119715,0.5237887459999999,High,High
Kenya,2024,0.3506958,0.5070429539999999,Medium,High
Kenya,2025,0.3566895,0.5195266759999999,Medium,High
Kenya,2026,0.3626673,0.531976618,High,High
Kenya,2027,0.36864515,0.54442653,High,High
Kiribati,2024,0.36066125000000004,0.512308556,Medium,High
Kiribati,2025,0.36631145,0.5247172779999999,High,High
Kiribati,2026,0.37194675,0.5370924399999999,High,High
Kiribati,2027,0.37758125,0.5494672599999999,High,High
"Korea, Dem. People's Rep.",2024,0.3410963,0.502714822,Medium,High
"Korea, Dem. People's Rep.",2025,0.34511775,0.514399052,Medium,High
"Korea, Dem. People's Rep.",2026,0.3491282,0.5260520179999999,Medium,High
"Korea, Dem. People's Rep.",2027,0.35313845,0.5377043259999998,Medium,High
"Korea, Rep.",2024,0.45576985000000003,0.5537678779999999,High,High
"Korea, Rep.",2025,0.46132320000000004,0.565956446,High,High
"Korea, Rep.",2026,0.46686145,0.5781125579999999,High,High
"Korea, Rep.",2027,0.47239975,0.5902681120000001,High,High
Kuwait,2024,0.3649152,0.51133794,High,High
Kuwait,2025,0.37048645,0.523562676,High,High
Kuwait,2026,0.37604325,0.5357545499999999,High,High
Kuwait,2027,0.38159950000000004,0.547946218,High,High
Kyrgyz Republic,2024,0.40167345,0.526510582,High,High
Kyrgyz Republic,2025,0.40777475,0.53898129,High,High
Kyrgyz Republic,2026,0.41385914999999995,0.55141736,High,High
Kyrgyz Republic,2027,0.419944,0.563854188,High,High
Lao PDR,2024,0.369492,0.513727512,High,High
Lao PDR,2025,0.3751991,0.5260474519999999,High,High
Lao PDR,2026,0.38089045,0.538334336,High,High
Lao PDR,2027,0.3865823,0.550621456,High,High
Latvia,2024,0.3906676,0.524055188,High,High
Latvia,2025,0.3955073,0.5374510799999999,High,High
Latvia,2026,0.40033385,0.5508104899999999,High,High
Latvia,2027,0.40516035,0.5641699299999999,High,High
Lebanon,2024,0.39574950000000003,0.526777158,High,High
Lebanon,2025,0.40039955,0.538654658,High,High
Lebanon,2026,0.4050373,0.550499968,High,High
Lebanon,2027,0.40967485,0.56234462,High,High
Lesotho,2024,0.36499775,0.508711046,High,High
Lesotho,2025,0.3693058,0.52050623,High,High
Lesotho,2026,0.3736022,0.5322693019999999,High,High
Lesotho,2027,0.37789855,0.544032368,High,High
Liberia,2024,0.3171284,0.49022522199999996,Medium,High
Liberia,2025,0.3211663,0.50186522,Medium,High
Liberia,2026,0.32519329999999996,0.5134730179999999,Medium,High
Liberia,2027,0.32922025,0.525081374,Medium,High
Libya,2024,0.37244845,0.5155813599999999,High,High
Libya,2025,0.3770348,0.527502952,High,High
Libya,2026,0.38160825,0.539391364,High,High
Libya,2027,0.38618215,0.551280534,High,High
Lithuania,2024,0.39318135,0.5275695939999999,High,High
Lithuania,2025,0.3970825,0.538890256,High,High
Lithuania,2026,0.40097315,0.5501802499999999,High,High
Lithuania,2027,0.4048635,0.561470174,High,High
Luxembourg,2024,0.4115867,0.55291888,High,High
Luxembourg,2025,0.41646495,0.563953096,High,High
Luxembourg,2026,0.4213304,0.57495707,High,High
Luxembourg,2027,0.42619515,0.58596015,High,High
"Macao SAR, China",2024,0.36181215,0.514577246,Medium,High
"Macao SAR, China",2025,0.3661033,0.526508584,High,High
"Macao SAR, China",2026,0.3703825,0.5384068839999999,High,High
"Macao SAR, China",2027,0.3746622,0.5503059119999999,High,High
Madagascar,2024,0.35494970000000003,0.507441422,Medium,High
Madagascar,2025,0.360714,0.519807908,Medium,High
Madagascar,2026,0.36646235,0.532140606,High,High
Madagascar,2027,0.37221095,0.54447344,High,High
Malawi,2024,0.31068965,0.47271856399999995,Medium,High
Malawi,2025,0.31441205,0.48334378599999994,Medium,High
Malawi,2026,0.3181242,0.49394047999999996,Medium,High
Malawi,2027,0.3218364,0.504536616,Medium,High
Malaysia,2024,0.47067435,0.6095573379999999,High,High
Malaysia,2025,0.4777766,0.626535648,High,High
Malaysia,2026,0.4848596,0.6434676899999999,High,High
Malaysia,2027,0.49194205,0.6603994899999999,High,High
Maldives,2024,0.3393279,0.501763212,Medium,High
Maldives,2025,0.3434084,0.513413492,Medium,High
Maldives,2026,0.34747815000000004,0.525032788,Medium,High
Maldives,2027,0.35154715,0.5366512199999999,Medium,High
Mali,2024,0.30571170000000003,0.485021504,Medium,High
Mali,2025,0.3108786,0.497099282,Medium,High
Mali,2026,0.3160318,0.50914379,Medium,High
Mali,2027,0.3211847,0.5211887199999999,Medium,High
Marshall Islands,2024,0.38069505000000003,0.521452622,High,High
Marshall Islands,2025,0.3859865,0.5337219879999999,High,High
Marshall Islands,2026,0.3912631,0.5459571999999999,High,High
Marshall Islands,2027,0.39653995,0.5581930759999999,High,High
Mauritius,2024,0.40862465000000003,0.5786999279999999,High,High
Mauritius,2025,0.4135494,0.5930097379999999,High,High
Mauritius,2026,0.4184603,0.6072800859999999,High,High
Mauritius,2027,0.4233712,0.621550434,High,High
Mexico,2024,0.40076164999999997,0.506882438,High,High
Mexico,2025,0.405625,0.5178925379999999,High,High
Mexico,2026,0.4104749,0.528872492,High,High
Mexico,2027,0.41532505,0.539852546,High,High
"Micronesia, Fed. Sts.",2024,0.35724855,0.5098978839999999,Medium,High
"Micronesia, Fed. Sts.",2025,0.36324515,0.522360662,High,High
"Micronesia, Fed. Sts.",2026,0.36922545,0.534789542,High,High
"Micronesia, Fed. Sts.",2027,0.37520570000000003,0.547218416,High,High
Moldova,2024,0.35835475,0.5015779559999999,Medium,High
Moldova,2025,0.3615299,0.512507578,Medium,High
Moldova,2026,0.3646963,0.52340734,High,High
Moldova,2027,0.367863,0.5343072079999999,High,High
Mongolia,2024,0.3917657,0.5206277479999999,High,High
Mongolia,2025,0.3973487,0.5327479019999999,High,High
Mongolia,2026,0.4029166,0.54483451,High,High
Mongolia,2027,0.40848445,0.55692164,High,High
Montenegro,2024,0.3662503,0.513296012,High,High
Montenegro,2025,0.36950585,0.524513096,High,High
Montenegro,2026,0.37275285,0.5356998139999999,High,High
Montenegro,2027,0.37599965,0.546885874,High,High
Montserrat,2024,0.3620596,0.5109330139999999,High,High
Montserrat,2025,0.36696305,0.5229671539999999,High,High
Montserrat,2026,0.37185275,0.534968366,High,High
Montserrat,2027,0.37674275,0.546969684,High,High
Morocco,2024,0.39321045,0.5246620359999999,High,High
Morocco,2025,0.39914005,0.5371893699999999,High,High
Morocco,2026,0.40505405,0.54968345,High,High
Morocco,2027,0.4109681,0.5621769719999999,High,High
Mozambique,2024,0.31610905,0.49082193799999996,Medium,High
Mozambique,2025,0.32153895,0.5030775059999999,Medium,High
Mozambique,2026,0.32695385,0.515299682,Medium,High
Mozambique,2027,0.3323693,0.5275220639999999,Medium,High
Myanmar,2024,0.37075104999999997,0.50773624,High,High
Myanmar,2025,0.37685500000000005,0.5199112,High,High
Myanmar,2026,0.38294255,0.532052852,High,High
Myanmar,2027,0.38903005,0.5441950619999999,High,High
Namibia,2024,0.36359870000000005,0.512192644,High,High
Namibia,2025,0.3685049,0.524215062,High,High
Namibia,2026,0.37339715,0.5362044939999999,High,High
Namibia,2027,0.3782902,0.5481942679999999,High,High
Nauru,2024,0.38509299999999996,0.5225414479999999,High,High
Nauru,2025,0.3908478,0.534996618,High,High
Nauru,2026,0.39658740000000003,0.547418086,High,High
Nauru,2027,0.4023267,0.559839448,High,High
Nepal,2024,0.39383205,0.523267878,High,High
Nepal,2025,0.40081160000000005,0.5361781059999999,High,High
Nepal,2026,0.40777295,0.549054066,High,High
Nepal,2027,0.41473380000000004,0.561929298,High,High
Netherlands,2024,0.557043,0.760867298,High,High
Netherlands,2025,0.5632245499999999,0.7773459759999999,High,High
Netherlands,2026,0.5693891,0.7937787579999999,High,High
Netherlands,2027,0.5755533,0.810211956,High,High
New Caledonia,2024,0.38321335,0.521903092,High,High
New Caledonia,2025,0.3883455,0.534111622,High,High
New Caledonia,2026,0.39346365,0.5462869439999999,High,High
New Caledonia,2027,0.3985814,0.5584614779999999,High,High
New Zealand,2024,0.3971507,0.533506574,High,High
New Zealand,2025,0.40148925,0.545325848,High,High
New Zealand,2026,0.40581625,0.5571137599999999,High,High
New Zealand,2027,0.4101433,0.568901114,High,High
Nicaragua,2024,0.36234774999999997,0.5086071719999999,High,High
Nicaragua,2025,0.3675703,0.520634138,High,High
Nicaragua,2026,0.37277785,0.5326274719999999,High,High
Nicaragua,2027,0.3779857,0.5446209479999999,High,High
Nigeria,2024,0.34478380000000003,0.5028831719999999,Medium,High
Nigeria,2025,0.34955225,0.51476529,Medium,High
Nigeria,2026,0.35430755,0.5266151219999999,Medium,High
Nigeria,2027,0.3590626,0.5384648539999999,Medium,High
Niue,2024,0.362059,0.51093104,High,High
Niue,2025,0.36696245,0.5229651799999999,High,High
Niue,2026,0.37185215000000005,0.534966392,High,High
Niue,2027,0.37674215,0.54696771,High,High
North Macedonia,2024,0.41382739999999996,0.51688512,High,High
North Macedonia,2025,0.41954020000000003,0.5312542899999999,High,High
North Macedonia,2026,0.42523725,0.5455845519999999,High,High
North Macedonia,2027,0.43093435,0.5599142559999999,High,High
Northern Mariana Islands,2024,0.3610813,0.510707002,Medium,High
Northern Mariana Islands,2025,0.36568375000000003,0.522623632,High,High
Northern Mariana Islands,2026,0.37027315,0.5345081919999999,High,High
Northern Mariana Islands,2027,0.37486264999999996,0.5463921999999999,High,High
Norway,2024,0.37736729999999996,0.5255585839999999,High,High
Norway,2025,0.3819618,0.537571034,High,High
Norway,2026,0.38654325,0.5495497239999999,High,High
Norway,2027,0.3911249,0.561529072,High,High
Oman,2024,0.377394,0.516822864,High,High
Oman,2025,0.38334545,0.52929511,High,High
Oman,2026,0.38928105,0.5417330539999999,High,High
Oman,2027,0.39521635,0.55417142,High,High
Pakistan,2024,0.36752485,0.510148852,High,High
Pakistan,2025,0.37342359999999997,0.52256017,High,High
Pakistan,2026,0.37930655,0.534937298,High,High
Pakistan,2027,0.38518915000000004,0.547314878,High,High
Palau,2024,0.3716589,0.5179012799999999,High,High
Palau,2025,0.37695995,0.5301654,High,High
Palau,2026,0.3822468,0.5423962539999999,High,High
Palau,2027,0.38753365,0.5546271079999999,High,High
Panama,2024,0.37150269999999996,0.518048686,High,High
Panama,2025,0.3767971,0.530250406,High,High
Panama,2026,0.38207725,0.5424196339999999,High,High
Panama,2027,0.3873572,0.554588168,High,High
Papua New Guinea,2024,0.316934,0.4913596359999999,Medium,High
Papua New Guinea,2025,0.322137,0.50350524,Medium,High
Papua New Guinea,2026,0.32732619999999996,0.5156179459999999,Medium,High
Papua New Guinea,2027,0.33251509999999995,0.5277305819999999,Medium,High
Paraguay,2024,0.38789775000000004,0.5495650959999999,High,High
Paraguay,2025,0.3953627,0.5709886779999999,High,High
Paraguay,2026,0.4028075,0.592353948,High,High
Paraguay,2027,0.4102525,0.613719876,High,High
Peru,2024,0.3691507,0.495976936,High,High
Peru,2025,0.37408735000000004,0.5072120539999999,High,High
Peru,2026,0.37901094999999996,0.518416758,High,High
Peru,2027,0.3839338,0.529620598,High,High
Philippines,2024,0.38076105,0.5054831559999999,High,High
Philippines,2025,0.3869386,0.520620782,High,High
Philippines,2026,0.39309954999999996,0.5357172819999999,High,High
Philippines,2027,0.39925995,0.5508135759999999,High,High
Poland,2024,0.40610595000000005,0.532067436,High,High
Poland,2025,0.4112008,0.5445277919999999,High,High
Poland,2026,0.4162823,0.556954738,High,High
Poland,2027,0.4213631,0.56938079,High,High
Portugal,2024,0.4154345,0.5954248379999999,High,High
Portugal,2025,0.42153335000000003,0.611299356,High,High
Portugal,2026,0.42761499999999997,0.627130246,High,High
Portugal,2027,0.43369695,0.642961242,High,High
Puerto Rico,2024,0.42951555,0.5423090819999999,High,High
Puerto Rico,2025,0.43445925,0.554374776,High,High
Puerto Rico,2026,0.43938964999999996,0.566408336,High,High
Puerto Rico,2027,0.44432015,0.5784413439999999,High,High
Qatar,2024,0.3850599,0.515303474,High,High
Qatar,2025,0.3907603,0.527530858,High,High
Qatar,2026,0.3964452,0.5397249259999999,High,High
Qatar,2027,0.4021299,0.5519188639999999,High,High
Romania,2024,0.3794699,0.502610672,High,High
Romania,2025,0.3839236,0.5169807019999999,High,High
Romania,2026,0.38836515,0.5313113059999999,High,High
Romania,2027,0.3928069,0.545642568,High,High
Russian Federation,2024,0.39495215,0.537291622,High,High
Russian Federation,2025,0.40003375,0.5497400539999999,High,High
Russian Federation,2026,0.40510155,0.5621542819999998,High,High
Russian Federation,2027,0.41016905,0.574568404,High,High
Rwanda,2024,0.35385205,0.50817368,Medium,High
Rwanda,2025,0.36009205,0.52071223,Medium,High
Rwanda,2026,0.36631505000000003,0.5332166959999999,High,High
Rwanda,2027,0.3725376,0.545720368,High,High
Samoa,2024,0.3690917,0.5154619359999999,High,High
Samoa,2025,0.3736883,0.5274975999999999,High,High
Samoa,2026,0.3782723,0.5394998999999999,High,High
Samoa,2027,0.3828565,0.551502858,High,High
Sao Tome and Principe,2024,0.32437715,0.4933544579999999,Medium,High
Sao Tome and Principe,2025,0.32697390000000004,0.504287508,Medium,High
Sao Tome and Principe,2026,0.32956405,0.515191624,Medium,High
Sao Tome and Principe,2027,0.33215405,0.526095052,Medium,High
Saudi Arabia,2024,0.3789358,0.5106851419999999,High,High
Saudi Arabia,2025,0.38417965,0.5225069499999999,High,High
Saudi Arabia,2026,0.3894096,0.5342969399999999,High,High
Saudi Arabia,2027,0.39463905,0.5460866939999999,High,High
Serbia,2024,0.39861605,0.53551631,High,High
Serbia,2025,0.40299630000000003,0.547759366,High,High
Serbia,2026,0.4073643,0.559969218,High,High
Serbia,2027,0.41173215,0.5721783819999999,High,High
Seychelles,2024,0.33684455,0.49901366799999997,Medium,High
Seychelles,2025,0.34064205000000003,0.510538096,Medium,High
Seychelles,2026,0.3444281,0.522030118,Medium,High
Seychelles,2027,0.34821465,0.533522376,Medium,High
Singapore,2024,0.43666725,0.580098406,High,High
Singapore,2025,0.44147200000000003,0.5933929059999999,High,High
Singapore,2026,0.4462636,0.6066506719999999,High,High
Singapore,2027,0.45105510000000004,0.61990899,High,High
Sint Maarten (Dutch part),2024,0.35215135000000003,0.507512982,Medium,High
Sint Maarten (Dutch part),2025,0.3562808,0.519217866,Medium,High
Sint Maarten (Dutch part),2026,0.36039895,0.530891488,Medium,High
Sint Maarten (Dutch part),2027,0.36451695,0.5425644579999999,High,High
Slovak Republic,2024,0.4068099,0.530630258,High,High
Slovak Republic,2025,0.41170115,0.542373918,High,High
Slovak Republic,2026,0.41657900000000003,0.5540854319999999,High,High
Slovak Republic,2027,0.42145715,0.565797016,High,High
Slovenia,2024,0.4061197,0.536013396,High,High
Slovenia,2025,0.41133275,0.5480830879999999,High,High
Slovenia,2026,0.41653225,0.560121074,High,High
Slovenia,2027,0.42173135,0.5721582719999999,High,High
Solomon Islands,2024,0.3541855,0.508676068,Medium,High
Solomon Islands,2025,0.36088225,0.5214476319999999,Medium,High
Solomon Islands,2026,0.3675611,0.534185142,High,High
Solomon Islands,2027,0.37423999999999996,0.5469221299999999,High,High
Somalia,2024,0.38057655,0.517521532,High,High
Somalia,2025,0.38608805,0.529800298,High,High
Somalia,2026,0.3915843,0.5420461,High,High
Somalia,2027,0.39708005,0.5542911379999999,High,High
South Africa,2024,0.37429765,0.510153672,High,High
South Africa,2025,0.37898155,0.52172192,High,High
South Africa,2026,0.3836523,0.533258016,High,High
South Africa,2027,0.388323,0.5447941059999999,High,High
South Sudan,2024,0.31880865,0.49160784599999996,Medium,High
South Sudan,2025,0.32220785,0.502989604,Medium,High
South Sudan,2026,0.32559745,0.514340866,Medium,High
South Sudan,2027,0.3289874,0.5256916759999999,Medium,High
Spain,2024,0.45538505,0.623777928,High,High
Spain,2025,0.46058485000000005,0.6383926799999999,High,High
Spain,2026,0.4657702,0.652967196,High,High
Spain,2027,0.4709555,0.6675417059999998,High,High
Sri Lanka,2024,0.37554015,0.5146721059999999,High,High
Sri Lanka,2025,0.3805811,0.5267305099999999,High,High
Sri Lanka,2026,0.3856081,0.538756072,High,High
Sri Lanka,2027,0.3906349,0.5507809399999999,High,High
St. Kitts and Nevis,2024,0.36920435,0.515397136,High,High
St. Kitts and Nevis,2025,0.37328355,0.5270841079999999,High,High
St. Kitts and Nevis,2026,0.3773522,0.538738956,High,High
St. Kitts and Nevis,2027,0.3814208,0.5503943259999999,High,High
St. Martin (French part),2024,0.36187905,0.511026102,Medium,High
St. Martin (French part),2025,0.3667355,0.523044332,High,High
St. Martin (French part),2026,0.37157815,0.5350301919999999,High,High
St. Martin (French part),2027,0.3764209,0.5470154999999999,High,High
St. Vincent and the Grenadines,2024,0.3626317,0.5106568539999999,High,High
St. Vincent and the Grenadines,2025,0.36763925,0.5226742999999999,High,High
St. Vincent and the Grenadines,2026,0.37263314999999997,0.5346584819999999,High,High
St. Vincent and the Grenadines,2027,0.37762705,0.546642664,High,High
Sub-Saharan Africa,2024,0.3650622,0.520811568,High,High
Sub-Saharan Africa,2025,0.37002785,0.5330503459999999,High,High
Sub-Saharan Africa,2026,0.37497975000000006,0.545256196,High,High
Sub-Saharan Africa,2027,0.37993175,0.557461494,High,High
Sudan,2024,0.3467737,0.50340548,Medium,High
Sudan,2025,0.35310640000000004,0.5160485779999999,Medium,High
Sudan,2026,0.35942185000000004,0.52865724,Medium,High
Sudan,2027,0.36573730000000004,0.5412659019999999,High,High
Suriname,2024,0.3718361,0.514450092,High,High
Suriname,2025,0.37709745,0.5266161979999999,High,High
Suriname,2026,0.38234405000000005,0.538749048,High,High
Suriname,2027,0.3875909,0.5508820339999999,High,High
Sweden,2024,0.39555395,0.541018602,High,High
Sweden,2025,0.3990568,0.549704436,High,High
Sweden,2026,0.40255015,0.5583665139999999,High,High
Sweden,2027,0.4060433,0.567028462,High,High
Switzerland,2024,0.41765765,0.564104732,High,High
Switzerland,2025,0.42265969999999997,0.5768350419999999,High,High
Switzerland,2026,0.42764795,0.589530692,High,High
Switzerland,2027,0.43263675,0.602226584,High,High
Syrian Arab Republic,2024,0.3403051,0.49867831599999995,Medium,High
Syrian Arab Republic,2025,0.34489695000000004,0.510555432,Medium,High
Syrian Arab Republic,2026,0.34947635,0.5224008699999999,Medium,High
Syrian Arab Republic,2027,0.3540558,0.5342457499999999,Medium,High
"Taiwan, China",2024,0.3637814,0.5165977359999999,High,High
"Taiwan, China",2025,0.36872605,0.528767424,High,High
"Taiwan, China",2026,0.37365695,0.540904184,High,High
"Taiwan, China",2027,0.37858815,0.55304105,High,High
Tajikistan,2024,0.40717425,0.530587556,High,High
Tajikistan,2025,0.4137016,0.543428186,High,High
Tajikistan,2026,0.4202107,0.5562336539999999,High,High
Tajikistan,2027,0.42671980000000004,0.569039122,High,High
Thailand,2024,0.35683995,0.289716438,Medium,Low
Thailand,2025,0.35989899999999997,0.290626312,Medium,Medium
Thailand,2026,0.36294955,0.29153368199999996,High,Medium
Thailand,2027,0.3659998,0.292440946,High,Medium
Timor-Leste,2024,0.3428725,0.5013020119999999,Medium,High
Timor-Leste,2025,0.34954,0.5140127179999999,Medium,High
Timor-Leste,2026,0.35618914999999995,0.526688756,Medium,High
Timor-Leste,2027,0.3628386,0.5393648999999999,High,High
Tonga,2024,0.38935410000000004,0.5228110819999999,High,High
Tonga,2025,0.3952819,0.535250106,High,High
Tonga,2026,0.4011937,0.547654774,High,High
Tonga,2027,0.4071055,0.5600594419999999,High,High
Trinidad and Tobago,2024,0.3804767,0.5183122579999999,High,High
Trinidad and Tobago,2025,0.38545655,0.530328244,High,High
Trinidad and Tobago,2026,0.3904228,0.54231097,High,High
Trinidad and Tobago,2027,0.39538884999999996,0.5542935659999999,High,High
Tunisia,2024,0.40442790000000006,0.542413806,High,High
Tunisia,2025,0.4100353,0.555328296,High,High
Tunisia,2026,0.41562805,0.568208128,High,High
Tunisia,2027,0.42122054999999997,0.5810878239999999,High,High
Turkiye,2024,0.44074125,0.547690142,High,High
Turkiye,2025,0.4481382,0.5608548699999999,High,High
Turkiye,2026,0.4555146,0.57398303,High,High
Turkiye,2027,0.46289125,0.58711129,High,High
Turkmenistan,2024,0.3783667,0.51749505,High,High
Turkmenistan,2025,0.38319645,0.529505526,High,High
Turkmenistan,2026,0.38801325,0.5414839439999999,High,High
Turkmenistan,2027,0.39282985000000004,0.5534617039999999,High,High
Turks and Caicos Islands,2024,0.34982255,0.5060705619999999,Medium,High
Turks and Caicos Islands,2025,0.35459700000000005,0.5180502119999999,Medium,High
Turks and Caicos Islands,2026,0.3593575,0.529996276,Medium,High
Turks and Caicos Islands,2027,0.36411875,0.541943204,High,High
Tuvalu,2024,0.3778034,0.5195616439999999,High,High
Tuvalu,2025,0.38346675,0.532011436,High,High
Tuvalu,2026,0.38911495,0.5444274619999999,High,High
Tuvalu,2027,0.3947632,0.5568434579999999,High,High
Uganda,2024,0.3371328,0.49974952999999994,Medium,High
Uganda,2025,0.34253100000000003,0.511962504,Medium,High
Uganda,2026,0.34791505,0.524143034,Medium,High
Uganda,2027,0.3532986,0.5363228,Medium,High
Ukraine,2024,0.3782126,0.519724816,High,High
Ukraine,2025,0.380734,0.530674056,High,High
Ukraine,2026,0.38324800000000003,0.541592784,High,High
Ukraine,2027,0.3857622,0.55251217,High,High
United Arab Emirates,2024,0.39664014999999997,0.53747822,High,High
United Arab Emirates,2025,0.4024752,0.5502630399999999,High,High
United Arab Emirates,2026,0.4082949,0.563013506,High,High
United Arab Emirates,2027,0.41411385,0.575763072,High,High
United Kingdom,2024,0.36459905,0.46728312199999994,High,High
United Kingdom,2025,0.3611373,0.46083451,Medium,High
United Kingdom,2026,0.35768465,0.45440321999999994,Medium,High
United Kingdom,2027,0.35423185,0.447971242,Medium,High
United States,2024,0.51453485,0.750174244,High,High
United States,2025,0.5200415,0.764724204,High,High
United States,2026,0.52553345,0.7792347119999998,High,High
United States,2027,0.5310252,0.7937445619999999,High,High
Uruguay,2024,0.3674625,0.515268286,High,High
Uruguay,2025,0.37111465000000005,0.526727204,High,High
Uruguay,2026,0.3747567,0.5381543719999999,High,High
Uruguay,2027,0.37839875,0.5495815039999999,High,High
Uzbekistan,2024,0.3870741,0.519868602,High,High
Uzbekistan,2025,0.39352505000000004,0.5325824579999999,High,High
Uzbekistan,2026,0.39995824999999996,0.54526164,High,High
Uzbekistan,2027,0.4063912,0.5579406859999999,High,High
Vanuatu,2024,0.36431185,0.51390131,High,High
Vanuatu,2025,0.37103335000000004,0.5267006619999999,High,High
Vanuatu,2026,0.37773645,0.5394651239999999,High,High
Vanuatu,2027,0.3844398,0.552229686,High,High
"Venezuela, RB",2024,0.3637019,0.511560112,High,High
"Venezuela, RB",2025,0.3679421,0.5232846139999999,High,High
"Venezuela, RB",2026,0.37217100000000003,0.534976798,High,High
"Venezuela, RB",2027,0.37639985000000004,0.54666954,High,High
Viet Nam,2024,0.45481615,0.5522524999999999,High,High
Viet Nam,2025,0.46273610000000004,0.565669766,High,High
Viet Nam,2026,0.47063415,0.5790499279999999,High,High
Viet Nam,2027,0.4785325,0.5924301599999999,High,High
Virgin Islands (U.S.),2024,0.3688133,0.513799802,High,High
Virgin Islands (U.S.),2025,0.372907,0.525512932,High,High
Virgin Islands (U.S.),2026,0.37698940000000003,0.5371946919999999,High,High
Virgin Islands (U.S.),2027,0.3810719,0.5488758999999999,High,High
West Bank and Gaza,2024,0.3758769,0.48340872399999996,High,High
West Bank and Gaza,2025,0.3802686,0.49332160399999997,High,High
West Bank and Gaza,2026,0.38464740000000003,0.503206556,High,High
West Bank and Gaza,2027,0.3890272,0.513092508,High,High
"Yemen, Rep.",2024,0.3671327,0.51170973,High,High
"Yemen, Rep.",2025,0.37261560000000005,0.5239609519999999,High,High
"Yemen, Rep.",2026,0.378084,0.536179018,High,High
"Yemen, Rep.",2027,0.38355185,0.5483968779999999,High,High
Zambia,2024,0.3303084,0.49703780399999997,Medium,High
Zambia,2025,0.33426500000000003,0.508532258,Medium,High
Zambia,2026,0.33821080000000003,0.519995412,Medium,High
Zambia,2027,0.34215685,0.5314587019999999,Medium,High
Zimbabwe,2024,0.3624424,0.509202682,High,High
Zimbabwe,2025,0.36834425000000004,0.5214646519999999,High,High
Zimbabwe,2026,0.3742303,0.5336939519999999,High,High
Zimbabwe,2027,0.3801161,0.5459225879999999,High,High
