REF_AREA,Country,Year,score_fdi,score_banking,score_manuf,score_digital,score_composite
AFG,Afghanistan,2024,0.236084,0.339149,0.322438,0.617392,0.3597
AFG,Afghanistan,2025,0.238394,0.341117,0.326115,0.634665,0.365259
AFG,Afghanistan,2026,0.240697,0.34308,0.329783,0.651891,0.370803
AFG,Afghanistan,2027,0.243,0.345042,0.33345,0.669117,0.376347
ASM,American Samoa,2024,0.246797,0.342871,0.342153,0.617584,0.368812
ASM,American Samoa,2025,0.250329,0.345798,0.34084,0.634866,0.373732
ASM,American Samoa,2026,0.253851,0.348718,0.33953,0.652102,0.378638
ASM,American Samoa,2027,0.257374,0.351637,0.338221,0.669337,0.383544
AND,Andorra,2024,0.221434,0.34624,0.365522,0.630695,0.37051
AND,Andorra,2025,0.223546,0.349503,0.366167,0.648673,0.375716
AND,Andorra,2026,0.225653,0.352756,0.366809,0.666601,0.380907
AND,Andorra,2027,0.227759,0.356009,0.367452,0.68453,0.386099
AGO,Angola,2024,0.203747,0.257001,0.254747,0.618592,0.31278
AGO,Angola,2025,0.200911,0.255572,0.252879,0.635844,0.314555
AGO,Angola,2026,0.198082,0.254147,0.251015,0.653049,0.316325
AGO,Angola,2027,0.195253,0.252721,0.249152,0.670254,0.318095
AIA,Anguilla,2024,0.225265,0.34624,0.337842,0.617306,0.362061
AIA,Anguilla,2025,0.227466,0.349503,0.33773,0.634583,0.366965
AIA,Anguilla,2026,0.22966,0.352756,0.337619,0.651813,0.371854
AIA,Anguilla,2027,0.231855,0.356009,0.337508,0.669043,0.376744
ARG,Argentina,2024,0.265115,0.505959,0.318868,0.620447,0.40983
ARG,Argentina,2025,0.269367,0.517824,0.316674,0.637787,0.416992
ARG,Argentina,2026,0.273609,0.529658,0.314486,0.655079,0.424134
ARG,Argentina,2027,0.27785,0.541491,0.312299,0.672371,0.431277
ARM,Armenia,2024,0.259576,0.421526,0.381504,0.617436,0.402117
ARM,Armenia,2025,0.262,0.425465,0.383055,0.634717,0.407674
ARM,Armenia,2026,0.264419,0.429393,0.384602,0.651951,0.413215
ARM,Armenia,2027,0.266837,0.433321,0.386149,0.669185,0.418756
ABW,Aruba,2024,0.225265,0.358508,0.305262,0.617429,0.357008
ABW,Aruba,2025,0.227466,0.361211,0.304177,0.634709,0.361529
ABW,Aruba,2026,0.22966,0.363907,0.303094,0.651941,0.366037
ABW,Aruba,2027,0.231855,0.366603,0.302012,0.669174,0.370545
AUS,Australia,2024,0.226825,0.515552,0.28037,0.640054,0.395039
AUS,Australia,2025,0.229683,0.520012,0.278886,0.658206,0.40027
AUS,Australia,2026,0.232533,0.52446,0.277406,0.676307,0.405488
AUS,Australia,2027,0.235383,0.528908,0.275926,0.694409,0.410705
AUT,Austria,2024,0.301146,0.508083,0.437402,0.808918,0.488499
AUT,Austria,2025,0.303624,0.512657,0.436356,0.832402,0.494821
AUT,Austria,2026,0.306095,0.517219,0.435313,0.855821,0.501126
AUT,Austria,2027,0.308567,0.52178,0.434269,0.879241,0.50743
AZE,Azerbaijan,2024,0.238749,0.3419,0.338577,0.501563,0.342056
AZE,Azerbaijan,2025,0.24007,0.345895,0.339523,0.51486,0.346347
AZE,Azerbaijan,2026,0.241388,0.349879,0.340466,0.52812,0.350627
AZE,Azerbaijan,2027,0.242706,0.353864,0.341409,0.54138,0.354906
BHS,"Bahamas, The",2024,0.212458,0.352452,0.304796,0.617493,0.351548
BHS,"Bahamas, The",2025,0.214297,0.355108,0.304368,0.634774,0.356113
BHS,"Bahamas, The",2026,0.21613,0.357756,0.303942,0.652008,0.360665
BHS,"Bahamas, The",2027,0.217964,0.360404,0.303515,0.669242,0.365217
BHR,Bahrain,2024,0.217152,0.353791,0.445145,0.61995,0.388869
BHR,Bahrain,2025,0.218685,0.357014,0.449793,0.637336,0.394775
BHR,Bahrain,2026,0.220214,0.36023,0.454429,0.654674,0.400664
BHR,Bahrain,2027,0.221743,0.363445,0.459064,0.672013,0.406553
BGD,Bangladesh,2024,0.126237,0.282814,0.429496,0.331685,0.282286
BGD,Bangladesh,2025,0.129124,0.2882,0.435112,0.34479,0.288523
BGD,Bangladesh,2026,0.132003,0.293571,0.440713,0.357859,0.294744
BGD,Bangladesh,2027,0.134882,0.298943,0.446314,0.370929,0.300965
BRB,Barbados,2024,0.223686,0.399233,0.327101,0.617417,0.372173
BRB,Barbados,2025,0.225701,0.40218,0.326669,0.634695,0.376861
BRB,Barbados,2026,0.22771,0.405118,0.326237,0.651926,0.381537
BRB,Barbados,2027,0.229719,0.408057,0.325806,0.669157,0.386213
BLR,Belarus,2024,0.226401,0.350644,0.414406,0.66005,0.391193
BLR,Belarus,2025,0.227054,0.353561,0.411749,0.679553,0.395354
BLR,Belarus,2026,0.227705,0.356471,0.409099,0.699003,0.399505
BLR,Belarus,2027,0.228357,0.359381,0.406448,0.718453,0.403655
BEL,Belgium,2024,0.228031,0.393765,0.397718,0.646896,0.395659
BEL,Belgium,2025,0.227787,0.398625,0.396504,0.659512,0.399021
BEL,Belgium,2026,0.227544,0.403472,0.395294,0.672094,0.402373
BEL,Belgium,2027,0.227301,0.408318,0.394084,0.684676,0.405726
BMU,Bermuda,2024,0.225265,0.34624,0.317452,0.617546,0.357012
BMU,Bermuda,2025,0.227466,0.349503,0.317863,0.634826,0.362046
BMU,Bermuda,2026,0.22966,0.352756,0.318272,0.652058,0.367067
BMU,Bermuda,2027,0.231855,0.356009,0.318682,0.66929,0.372087
BTN,Bhutan,2024,0.233827,0.382126,0.382054,0.617305,0.384654
BTN,Bhutan,2025,0.236306,0.38547,0.388695,0.634583,0.39135
BTN,Bhutan,2026,0.238777,0.388806,0.395318,0.651813,0.398027
BTN,Bhutan,2027,0.241249,0.392142,0.401941,0.669043,0.404704
BOL,Bolivia,2024,0.259199,0.362109,0.308782,0.602718,0.366026
BOL,Bolivia,2025,0.262498,0.366301,0.310414,0.619257,0.37178
BOL,Bolivia,2026,0.265787,0.370482,0.312041,0.635751,0.377517
BOL,Bolivia,2027,0.269076,0.374662,0.313668,0.652245,0.383255
BWA,Botswana,2024,0.216114,0.29303,0.442433,0.6175,0.3722
BWA,Botswana,2025,0.217378,0.292065,0.446123,0.634782,0.376717
BWA,Botswana,2026,0.218638,0.291103,0.449803,0.652017,0.381221
BWA,Botswana,2027,0.219899,0.290141,0.453483,0.669252,0.385726
BRA,Brazil,2024,0.25238,0.477724,0.327529,0.630654,0.403158
BRA,Brazil,2025,0.253764,0.479737,0.325627,0.648167,0.407104
BRA,Brazil,2026,0.255144,0.481744,0.323731,0.665633,0.411039
BRA,Brazil,2027,0.256524,0.483751,0.321835,0.683099,0.414974
VGB,British Virgin Islands,2024,0.225265,0.34624,0.337806,0.617584,0.362108
VGB,British Virgin Islands,2025,0.227466,0.349503,0.337675,0.634866,0.367007
VGB,British Virgin Islands,2026,0.22966,0.352756,0.337544,0.652102,0.371893
VGB,British Virgin Islands,2027,0.231855,0.356009,0.337413,0.669337,0.376779
BRN,Brunei Darussalam,2024,0.21508,0.384462,0.418242,0.615112,0.388223
BRN,Brunei Darussalam,2025,0.217449,0.390708,0.421626,0.635354,0.395389
BRN,Brunei Darussalam,2026,0.219811,0.396937,0.425,0.65554,0.402536
BRN,Brunei Darussalam,2027,0.222173,0.403165,0.428375,0.675727,0.409682
BGR,Bulgaria,2024,0.228972,0.344241,0.394335,0.59313,0.371962
BGR,Bulgaria,2025,0.231348,0.34109,0.393704,0.613553,0.375814
BGR,Bulgaria,2026,0.233718,0.337948,0.393075,0.633919,0.379655
BGR,Bulgaria,2027,0.236087,0.334806,0.392446,0.654286,0.383497
BFA,Burkina Faso,2024,0.224021,0.263808,0.202585,0.617458,0.307296
BFA,Burkina Faso,2025,0.226539,0.266056,0.204476,0.634739,0.312543
BFA,Burkina Faso,2026,0.22905,0.268298,0.206362,0.651972,0.317775
BFA,Burkina Faso,2027,0.231561,0.27054,0.208249,0.669205,0.323007
BDI,Burundi,2024,0.251426,0.257188,0.148826,0.617314,0.300394
BDI,Burundi,2025,0.254527,0.259791,0.150573,0.634592,0.305868
BDI,Burundi,2026,0.25762,0.262386,0.152316,0.651823,0.311326
BDI,Burundi,2027,0.260712,0.264982,0.154059,0.669053,0.316784
CPV,Cabo Verde,2024,0.243921,0.314026,0.290817,0.617332,0.347853
CPV,Cabo Verde,2025,0.246312,0.31657,0.289261,0.63461,0.352274
CPV,Cabo Verde,2026,0.248697,0.319107,0.28771,0.651841,0.356682
CPV,Cabo Verde,2027,0.251082,0.321645,0.28616,0.669072,0.36109
KHM,Cambodia,2024,0.249534,0.540749,0.490291,0.617437,0.456108
KHM,Cambodia,2025,0.252169,0.554679,0.499478,0.634719,0.466134
KHM,Cambodia,2026,0.254798,0.568571,0.50864,0.651953,0.476133
KHM,Cambodia,2027,0.257426,0.582462,0.517802,0.669188,0.486132
CMR,Cameroon,2024,0.222808,0.274757,0.245602,0.617567,0.320445
CMR,Cameroon,2025,0.22486,0.279026,0.246255,0.634846,0.325747
CMR,Cameroon,2026,0.226905,0.283284,0.246906,0.652077,0.331035
CMR,Cameroon,2027,0.228951,0.287542,0.247557,0.669309,0.336322
CAN,Canada,2024,0.227687,0.455333,0.33664,0.646268,0.395553
CAN,Canada,2025,0.22939,0.455171,0.334263,0.664228,0.399021
CAN,Canada,2026,0.231089,0.455009,0.331893,0.68214,0.40248
CAN,Canada,2027,0.232788,0.454847,0.329523,0.700052,0.405939
CYM,Cayman Islands,2024,0.225265,0.353175,0.285327,0.617906,0.350786
CYM,Cayman Islands,2025,0.227466,0.356311,0.283523,0.635198,0.355238
CYM,Cayman Islands,2026,0.22966,0.35944,0.281724,0.652443,0.359678
CYM,Cayman Islands,2027,0.231855,0.362568,0.279926,0.669688,0.364117
CAF,Central African Republic,2024,0.24137,0.34624,0.23567,0.617309,0.34135
CAF,Central African Republic,2025,0.244492,0.349503,0.236982,0.634586,0.346886
CAF,Central African Republic,2026,0.247606,0.352756,0.238291,0.651817,0.352407
CAF,Central African Republic,2027,0.250719,0.356009,0.2396,0.669047,0.357927
TCD,Chad,2024,0.221074,0.282856,0.207295,0.617556,0.312371
TCD,Chad,2025,0.223186,0.28527,0.20898,0.634829,0.317484
TCD,Chad,2026,0.225292,0.287677,0.210662,0.652056,0.322584
TCD,Chad,2027,0.227399,0.290085,0.212343,0.669283,0.327683
CHL,Chile,2024,0.222044,0.395702,0.325167,0.604327,0.367696
CHL,Chile,2025,0.224202,0.398739,0.324261,0.620901,0.372191
CHL,Chile,2026,0.226355,0.401769,0.323357,0.63743,0.376674
CHL,Chile,2027,0.228507,0.404798,0.322454,0.653958,0.381156
CHN,China,2024,0.395679,0.534719,0.624335,0.64938,0.538343
CHN,China,2025,0.403383,0.542457,0.627895,0.667046,0.547012
CHN,China,2026,0.411065,0.550174,0.631445,0.684665,0.555657
CHN,China,2027,0.418747,0.557891,0.634996,0.702283,0.564302
COL,Colombia,2024,0.228815,0.434516,0.323706,0.692834,0.396767
COL,Colombia,2025,0.230551,0.440244,0.321873,0.713529,0.4024
COL,Colombia,2026,0.232283,0.445955,0.320044,0.734168,0.408018
COL,Colombia,2027,0.234014,0.451667,0.318216,0.754806,0.413636
COD,"Congo, Dem. Rep.",2024,0.30418,0.266181,0.248869,0.617517,0.34352
COD,"Congo, Dem. Rep.",2025,0.306863,0.264269,0.250964,0.634796,0.347826
COD,"Congo, Dem. Rep.",2026,0.309539,0.262362,0.253054,0.652027,0.352121
COD,"Congo, Dem. Rep.",2027,0.312215,0.260456,0.255143,0.669259,0.356416
COG,"Congo, Rep.",2024,0.221649,0.278605,0.357328,0.617663,0.34901
COG,"Congo, Rep.",2025,0.223878,0.282236,0.355697,0.63493,0.353632
COG,"Congo, Rep.",2026,0.2261,0.285857,0.35407,0.652151,0.358242
COG,"Congo, Rep.",2027,0.228323,0.289478,0.352443,0.669371,0.362851
CRI,Costa Rica,2024,0.227901,0.427596,0.37764,0.618737,0.393427
CRI,Costa Rica,2025,0.229562,0.432836,0.377909,0.636068,0.398768
CRI,Costa Rica,2026,0.231218,0.43806,0.378178,0.653351,0.404095
CRI,Costa Rica,2027,0.232874,0.443285,0.378446,0.670634,0.409422
CIV,Cote d'Ivoire,2024,0.216566,0.287352,0.251593,0.617537,0.323214
CIV,Cote d'Ivoire,2025,0.218688,0.28951,0.253087,0.634818,0.328219
CIV,Cote d'Ivoire,2026,0.220804,0.291663,0.254578,0.652051,0.333211
CIV,Cote d'Ivoire,2027,0.22292,0.293815,0.256068,0.669285,0.338203
HRV,Croatia,2024,0.234045,0.408448,0.400109,0.616662,0.395685
HRV,Croatia,2025,0.236414,0.409337,0.398842,0.63294,0.399557
HRV,Croatia,2026,0.238777,0.410223,0.397578,0.649174,0.403418
HRV,Croatia,2027,0.241139,0.41111,0.396314,0.665408,0.407279
CUB,Cuba,2024,0.225265,0.34624,0.290031,0.617584,0.350164
CUB,Cuba,2025,0.227466,0.349503,0.289325,0.634866,0.35492
CUB,Cuba,2026,0.22966,0.352756,0.288621,0.652102,0.359663
CUB,Cuba,2027,0.231855,0.356009,0.287917,0.669337,0.364405
CUW,Curacao,2024,0.225265,0.360683,0.314421,0.617442,0.359844
CUW,Curacao,2025,0.227466,0.363699,0.313792,0.634721,0.364557
CUW,Curacao,2026,0.22966,0.366706,0.313164,0.651953,0.369256
CUW,Curacao,2027,0.231855,0.369713,0.312537,0.669185,0.373956
CYP,Cyprus,2024,0.247187,0.447209,0.332439,0.619254,0.392919
CYP,Cyprus,2025,0.249086,0.451115,0.33225,0.639075,0.398382
CYP,Cyprus,2026,0.25098,0.455011,0.33206,0.658842,0.40383
CYP,Cyprus,2027,0.252874,0.458907,0.331871,0.678609,0.409279
CZE,Czech Republic,2024,0.250991,0.446558,0.524522,0.741134,0.466294
CZE,Czech Republic,2025,0.254188,0.452874,0.52667,0.76485,0.474113
CZE,Czech Republic,2026,0.257377,0.459174,0.528813,0.788502,0.48191
CZE,Czech Republic,2027,0.260566,0.465473,0.530955,0.812153,0.489708
CZE,Czechia,2024,0.22801,0.368808,0.491723,0.641642,0.411864
CZE,Czechia,2025,0.231095,0.372113,0.491078,0.658924,0.416911
CZE,Czechia,2026,0.234172,0.375409,0.490434,0.676158,0.421944
CZE,Czechia,2027,0.237248,0.378704,0.48979,0.693392,0.426976
DNK,Denmark,2024,0.325325,0.522043,0.36111,0.920024,0.502391
DNK,Denmark,2025,0.328049,0.526119,0.360494,0.942733,0.508614
DNK,Denmark,2026,0.330765,0.530185,0.359879,0.965379,0.514821
DNK,Denmark,2027,0.333481,0.534251,0.359264,0.988026,0.521028
DJI,Djibouti,2024,0.224448,0.307228,0.397499,0.617322,0.366981
DJI,Djibouti,2025,0.226434,0.310407,0.401361,0.6346,0.372792
DJI,Djibouti,2026,0.228414,0.313578,0.405212,0.651831,0.378588
DJI,Djibouti,2027,0.230394,0.31675,0.409064,0.669062,0.384384
DMA,Dominica,2024,0.228282,0.35661,0.315793,0.617318,0.360049
DMA,Dominica,2025,0.229923,0.35818,0.315828,0.634595,0.364398
DMA,Dominica,2026,0.231559,0.359746,0.315864,0.651826,0.368735
DMA,Dominica,2027,0.233195,0.361312,0.315899,0.669056,0.373072
ECU,Ecuador,2024,0.225528,0.356054,0.293516,0.754812,0.381013
ECU,Ecuador,2025,0.226884,0.359885,0.292617,0.779936,0.387178
ECU,Ecuador,2026,0.228237,0.363704,0.291719,0.804992,0.393326
ECU,Ecuador,2027,0.22959,0.367524,0.290822,0.830048,0.399473
EGY,"Egypt, Arab Rep.",2024,0.273527,0.360005,0.418679,0.595307,0.39579
EGY,"Egypt, Arab Rep.",2025,0.276665,0.362591,0.421006,0.611765,0.401252
EGY,"Egypt, Arab Rep.",2026,0.279795,0.36517,0.423326,0.628178,0.406698
EGY,"Egypt, Arab Rep.",2027,0.282925,0.367749,0.425647,0.644591,0.412145
SLV,El Salvador,2024,0.272053,0.374157,0.40465,0.617561,0.39983
SLV,El Salvador,2025,0.274715,0.374627,0.407262,0.634847,0.404856
SLV,El Salvador,2026,0.277369,0.375095,0.409867,0.652086,0.409868
SLV,El Salvador,2027,0.280023,0.375563,0.412472,0.669324,0.414881
GNQ,Equatorial Guinea,2024,0.233513,0.25868,0.407525,0.617585,0.360122
GNQ,Equatorial Guinea,2025,0.236378,0.259561,0.411191,0.634858,0.365573
GNQ,Equatorial Guinea,2026,0.239235,0.260439,0.414846,0.652083,0.371008
GNQ,Equatorial Guinea,2027,0.242092,0.261317,0.418501,0.669308,0.376444
SWZ,Eswatini,2024,0.225949,0.299783,0.521879,0.617315,0.396663
SWZ,Eswatini,2025,0.227876,0.30155,0.525772,0.634588,0.402111
SWZ,Eswatini,2026,0.229797,0.303312,0.529655,0.651813,0.407544
SWZ,Eswatini,2027,0.231719,0.305074,0.533538,0.669039,0.412976
FRO,Faroe Islands,2024,0.225265,0.34624,0.347826,0.617335,0.364563
FRO,Faroe Islands,2025,0.227466,0.349503,0.350249,0.634611,0.3701
FRO,Faroe Islands,2026,0.22966,0.352756,0.352666,0.651841,0.375622
FRO,Faroe Islands,2027,0.231855,0.356009,0.355083,0.66907,0.381143
FJI,Fiji,2024,0.235969,0.445985,0.267899,0.61734,0.37273
FJI,Fiji,2025,0.238033,0.452789,0.266455,0.634618,0.378145
FJI,Fiji,2026,0.240091,0.459575,0.265015,0.651849,0.383545
FJI,Fiji,2027,0.24215,0.466361,0.263576,0.66908,0.388945
FIN,Finland,2024,0.223923,0.34694,0.372512,0.646681,0.376376
FIN,Finland,2025,0.225508,0.349841,0.368809,0.659904,0.379296
FIN,Finland,2026,0.227089,0.352735,0.365115,0.67309,0.382207
FIN,Finland,2027,0.228669,0.355628,0.361421,0.686276,0.385118
FRA,France,2024,0.225016,0.370669,0.381041,0.677955,0.391023
FRA,France,2025,0.223608,0.374131,0.379706,0.696646,0.394871
FRA,France,2026,0.222203,0.377583,0.378375,0.715286,0.398708
FRA,France,2027,0.220799,0.381036,0.377043,0.733926,0.402545
PYF,French Polynesia,2024,0.225265,0.34624,0.34294,0.617327,0.36334
PYF,French Polynesia,2025,0.227466,0.349503,0.341466,0.634603,0.367903
PYF,French Polynesia,2026,0.22966,0.352756,0.339997,0.651832,0.372453
PYF,French Polynesia,2027,0.231855,0.356009,0.338527,0.669061,0.377003
GAB,Gabon,2024,0.222004,0.254292,0.483132,0.617495,0.374456
GAB,Gabon,2025,0.224131,0.256845,0.489692,0.634771,0.380828
GAB,Gabon,2026,0.226252,0.259392,0.496235,0.651999,0.387182
GAB,Gabon,2027,0.228373,0.261938,0.502778,0.669227,0.393536
GEO,Georgia,2024,0.2589,0.460083,0.358482,0.617463,0.405804
GEO,Georgia,2025,0.261833,0.467058,0.359886,0.634746,0.412235
GEO,Georgia,2026,0.264757,0.474013,0.361287,0.651981,0.418648
GEO,Georgia,2027,0.267682,0.480968,0.362687,0.669217,0.425062
DEU,Germany,2024,0.380937,0.541682,0.521748,0.840257,0.54819
DEU,Germany,2025,0.383449,0.545662,0.520855,0.8628,0.554224
DEU,Germany,2026,0.385954,0.549631,0.519964,0.885281,0.560241
DEU,Germany,2027,0.38846,0.553599,0.519072,0.907762,0.566258
GHA,Ghana,2024,0.225271,0.349227,0.294686,0.619354,0.35243
GHA,Ghana,2025,0.226961,0.351337,0.29778,0.636728,0.357713
GHA,Ghana,2026,0.228648,0.353442,0.300866,0.654055,0.362982
GHA,Ghana,2027,0.230334,0.355547,0.303951,0.671382,0.368251
GIB,Gibraltar,2024,0.225265,0.34624,0.336927,0.617584,0.361888
GIB,Gibraltar,2025,0.227466,0.349503,0.336624,0.634866,0.366745
GIB,Gibraltar,2026,0.22966,0.352756,0.336323,0.652102,0.371588
GIB,Gibraltar,2027,0.231855,0.356009,0.336021,0.669337,0.376431
GRC,Greece,2024,0.214197,0.434189,0.352524,0.605118,0.381961
GRC,Greece,2025,0.215763,0.440501,0.352521,0.623828,0.38775
GRC,Greece,2026,0.217326,0.446796,0.352517,0.642487,0.393523
GRC,Greece,2027,0.218888,0.453091,0.352514,0.661145,0.399297
GRL,Greenland,2024,0.225265,0.34624,0.291014,0.617584,0.35041
GRL,Greenland,2025,0.227466,0.349503,0.291216,0.634866,0.355393
GRL,Greenland,2026,0.22966,0.352756,0.291417,0.652102,0.360362
GRL,Greenland,2027,0.231855,0.356009,0.291619,0.669337,0.365331
GUM,Guam,2024,0.225265,0.34624,0.322752,0.617584,0.358344
GUM,Guam,2025,0.227466,0.349503,0.321155,0.634866,0.362877
GUM,Guam,2026,0.22966,0.352756,0.319563,0.652102,0.367398
GUM,Guam,2027,0.231855,0.356009,0.317971,0.669337,0.371919
GIN,Guinea,2024,0.246306,0.272011,0.300853,0.617393,0.340587
GIN,Guinea,2025,0.247894,0.271701,0.307554,0.634673,0.346116
GIN,Guinea,2026,0.249477,0.271392,0.314236,0.651906,0.351631
GIN,Guinea,2027,0.251061,0.271082,0.320917,0.669139,0.357146
GUY,Guyana,2024,0.239675,0.30222,0.360285,0.617396,0.361008
GUY,Guyana,2025,0.241548,0.301513,0.363497,0.634676,0.365652
GUY,Guyana,2026,0.243417,0.300808,0.3667,0.651909,0.370284
GUY,Guyana,2027,0.245285,0.300104,0.369904,0.669141,0.374915
HTI,Haiti,2024,0.269067,0.289707,0.310896,0.617344,0.35434
HTI,Haiti,2025,0.271515,0.291061,0.313601,0.63462,0.359544
HTI,Haiti,2026,0.273955,0.29241,0.316298,0.65185,0.364734
HTI,Haiti,2027,0.276396,0.29376,0.318995,0.66908,0.369924
HND,Honduras,2024,0.289626,0.423954,0.365739,0.617527,0.407817
HND,Honduras,2025,0.293026,0.426482,0.367748,0.634812,0.413428
HND,Honduras,2026,0.296417,0.429003,0.369752,0.65205,0.419024
HND,Honduras,2027,0.299807,0.431524,0.371755,0.669287,0.424619
HKG,"Hong Kong SAR, China",2024,0.225265,0.565294,0.382522,0.630179,0.43057
HKG,"Hong Kong SAR, China",2025,0.227466,0.570435,0.383591,0.647726,0.436292
HKG,"Hong Kong SAR, China",2026,0.22966,0.575563,0.384657,0.665224,0.441998
HKG,"Hong Kong SAR, China",2027,0.231855,0.58069,0.385723,0.682722,0.447704
HUN,Hungary,2024,0.228946,0.399741,0.465013,0.619753,0.408823
HUN,Hungary,2025,0.231101,0.404987,0.465125,0.639483,0.414755
HUN,Hungary,2026,0.23325,0.410219,0.465237,0.659159,0.420671
HUN,Hungary,2027,0.2354,0.41545,0.465348,0.678834,0.426586
ISL,Iceland,2024,0.22599,0.405905,0.296808,0.619788,0.367433
ISL,Iceland,2025,0.226534,0.402905,0.296466,0.633468,0.369496
ISL,Iceland,2026,0.227076,0.399913,0.296123,0.64711,0.371554
ISL,Iceland,2027,0.227618,0.396922,0.295781,0.660753,0.373612
IND,India,2024,0.317467,0.378025,0.42439,0.649545,0.425753
IND,India,2025,0.319378,0.382224,0.427766,0.667672,0.431845
IND,India,2026,0.321283,0.386412,0.431132,0.685749,0.437921
IND,India,2027,0.323188,0.3906,0.434499,0.703827,0.443996
IDN,Indonesia,2024,0.261882,0.34854,0.387667,0.605887,0.383794
IDN,Indonesia,2025,0.263519,0.35036,0.386707,0.622764,0.387875
IDN,Indonesia,2026,0.265152,0.352174,0.385749,0.639594,0.391945
IDN,Indonesia,2027,0.266785,0.353989,0.384792,0.656425,0.396016
IRN,"Iran, Islamic Rep.",2024,0.374855,0.450056,0.428998,0.617975,0.455815
IRN,"Iran, Islamic Rep.",2025,0.382952,0.457314,0.429846,0.635252,0.463726
IRN,"Iran, Islamic Rep.",2026,0.391027,0.464551,0.430693,0.652483,0.471616
IRN,"Iran, Islamic Rep.",2027,0.399101,0.471789,0.431539,0.669713,0.479505
IRQ,Iraq,2024,0.223673,0.36401,0.42056,0.618606,0.386965
IRQ,Iraq,2025,0.224571,0.366732,0.423965,0.635912,0.392228
IRQ,Iraq,2026,0.225467,0.369447,0.427361,0.653171,0.397476
IRQ,Iraq,2027,0.226363,0.372162,0.430757,0.67043,0.402724
IRL,Ireland,2024,0.2639,0.381744,0.545195,0.73713,0.458331
IRL,Ireland,2025,0.264803,0.372919,0.549148,0.757042,0.461366
IRL,Ireland,2026,0.265704,0.364119,0.553089,0.776901,0.464393
IRL,Ireland,2027,0.266605,0.355318,0.557031,0.796759,0.467421
IMN,Isle of Man,2024,0.225265,0.34624,0.272506,0.617584,0.345783
IMN,Isle of Man,2025,0.227466,0.349503,0.269099,0.634866,0.349863
IMN,Isle of Man,2026,0.22966,0.352756,0.265701,0.652102,0.353933
IMN,Isle of Man,2027,0.231855,0.356009,0.262304,0.669337,0.358002
ISR,Israel,2024,0.225541,0.37287,0.380348,0.627949,0.381557
ISR,Israel,2025,0.228249,0.374013,0.379212,0.645593,0.385899
ISR,Israel,2026,0.230949,0.375152,0.378078,0.663189,0.39023
ISR,Israel,2027,0.233649,0.376292,0.376945,0.680784,0.394561
ITA,Italy,2024,0.234053,0.37179,0.428867,0.643954,0.399171
ITA,Italy,2025,0.235682,0.37278,0.428317,0.662745,0.403528
ITA,Italy,2026,0.237306,0.373767,0.427769,0.681484,0.407873
ITA,Italy,2027,0.23893,0.374754,0.427221,0.700223,0.412217
JAM,Jamaica,2024,0.271933,0.374231,0.275794,0.617552,0.367597
JAM,Jamaica,2025,0.27419,0.377087,0.276068,0.634832,0.372512
JAM,Jamaica,2026,0.276442,0.379935,0.276341,0.652065,0.377415
JAM,Jamaica,2027,0.278693,0.382784,0.276613,0.669299,0.382317
JPN,Japan,2024,0.280422,0.54639,0.4288,0.691526,0.466229
JPN,Japan,2025,0.280113,0.55197,0.425477,0.711203,0.470636
JPN,Japan,2026,0.279804,0.557535,0.422164,0.730827,0.475031
JPN,Japan,2027,0.279495,0.5631,0.418851,0.75045,0.479426
KAZ,Kazakhstan,2024,0.224104,0.37448,0.324368,0.582475,0.358438
KAZ,Kazakhstan,2025,0.225972,0.377368,0.32331,0.598688,0.362699
KAZ,Kazakhstan,2026,0.227836,0.380248,0.322255,0.614857,0.366948
KAZ,Kazakhstan,2027,0.229699,0.383129,0.3212,0.631026,0.371197
KEN,Kenya,2024,0.23687,0.363967,0.260485,0.617609,0.350696
KEN,Kenya,2025,0.238945,0.367411,0.264697,0.634895,0.35669
KEN,Kenya,2026,0.241015,0.370846,0.268898,0.652134,0.362667
KEN,Kenya,2027,0.243086,0.37428,0.273099,0.669373,0.368645
KIR,Kiribati,2024,0.234525,0.403636,0.263743,0.617295,0.360661
KIR,Kiribati,2025,0.236531,0.408931,0.26482,0.634572,0.366312
KIR,Kiribati,2026,0.238532,0.414212,0.265895,0.651802,0.371947
KIR,Kiribati,2027,0.240532,0.419492,0.266969,0.669032,0.377582
PRK,"Korea, Dem. People's Rep.",2024,0.225135,0.34624,0.253916,0.617584,0.341096
PRK,"Korea, Dem. People's Rep.",2025,0.227336,0.349503,0.250272,0.634866,0.345118
PRK,"Korea, Dem. People's Rep.",2026,0.229531,0.352756,0.246638,0.652102,0.349128
PRK,"Korea, Dem. People's Rep.",2027,0.231726,0.356009,0.243004,0.669337,0.353138
KOR,"Korea, Rep.",2024,0.272192,0.526496,0.476781,0.616465,0.45577
KOR,"Korea, Rep.",2025,0.274627,0.53196,0.477038,0.633428,0.461323
KOR,"Korea, Rep.",2026,0.277055,0.53741,0.477293,0.650346,0.466862
KOR,"Korea, Rep.",2027,0.279483,0.54286,0.477549,0.667263,0.4724
KWT,Kuwait,2024,0.227388,0.29229,0.398958,0.619434,0.364915
KWT,Kuwait,2025,0.229957,0.292575,0.404004,0.636773,0.370487
KWT,Kuwait,2026,0.23252,0.29286,0.409037,0.654065,0.376043
KWT,Kuwait,2027,0.235082,0.293145,0.414069,0.671357,0.3816
KGZ,Kyrgyz Republic,2024,0.311821,0.37159,0.367037,0.617352,0.401674
KGZ,Kyrgyz Republic,2025,0.315993,0.374453,0.369752,0.634628,0.407775
KGZ,Kyrgyz Republic,2026,0.320154,0.377308,0.372459,0.651856,0.413859
KGZ,Kyrgyz Republic,2027,0.324315,0.380163,0.375167,0.669085,0.419944
LAO,Lao PDR,2024,0.266589,0.357016,0.30719,0.617319,0.369492
LAO,Lao PDR,2025,0.268668,0.359241,0.311477,0.634596,0.375199
LAO,Lao PDR,2026,0.270741,0.361459,0.315752,0.651827,0.380891
LAO,Lao PDR,2027,0.272814,0.363678,0.320028,0.669058,0.386582
LVA,Latvia,2024,0.235718,0.396012,0.389912,0.617356,0.390668
LVA,Latvia,2025,0.238298,0.396871,0.389447,0.637192,0.395507
LVA,Latvia,2026,0.240871,0.397727,0.388984,0.656974,0.400334
LVA,Latvia,2027,0.243443,0.398584,0.388521,0.676756,0.40516
LBN,Lebanon,2024,0.29575,0.410903,0.321935,0.619075,0.395749
LBN,Lebanon,2025,0.299038,0.413294,0.320389,0.636337,0.4004
LBN,Lebanon,2026,0.302318,0.415679,0.318847,0.653552,0.405037
LBN,Lebanon,2027,0.305598,0.418064,0.317305,0.670766,0.409675
LSO,Lesotho,2024,0.234736,0.255347,0.429112,0.617311,0.364998
LSO,Lesotho,2025,0.233309,0.257177,0.432405,0.634588,0.369306
LSO,Lesotho,2026,0.231887,0.259001,0.435689,0.651818,0.373602
LSO,Lesotho,2027,0.230464,0.260825,0.438974,0.669048,0.377899
LBR,Liberia,2024,0.272814,0.28806,0.159204,0.617341,0.317128
LBR,Liberia,2025,0.275144,0.290042,0.156756,0.634618,0.321166
LBR,Liberia,2026,0.277468,0.292019,0.154315,0.651847,0.325193
LBR,Liberia,2027,0.279792,0.293996,0.151873,0.669077,0.32922
LBY,Libya,2024,0.222014,0.352371,0.376854,0.61769,0.372449
LBY,Libya,2025,0.224394,0.355924,0.37496,0.634978,0.377035
LBY,Libya,2026,0.226768,0.359467,0.37307,0.652218,0.381608
LBY,Libya,2027,0.229142,0.36301,0.371181,0.669459,0.386182
LTU,Lithuania,2024,0.229143,0.372433,0.426916,0.623006,0.393181
LTU,Lithuania,2025,0.231409,0.37192,0.426736,0.639979,0.397083
LTU,Lithuania,2026,0.233669,0.371408,0.426557,0.656906,0.400973
LTU,Lithuania,2027,0.235928,0.370897,0.426377,0.673833,0.404864
LUX,Luxembourg,2024,0.280385,0.359842,0.425122,0.656151,0.411587
LUX,Luxembourg,2025,0.282039,0.363542,0.426531,0.671675,0.416465
LUX,Luxembourg,2026,0.283689,0.367233,0.427937,0.687156,0.42133
LUX,Luxembourg,2027,0.285339,0.370923,0.429342,0.702636,0.426195
MAC,"Macao SAR, China",2024,0.225265,0.43458,0.247733,0.618272,0.361812
MAC,"Macao SAR, China",2025,0.227466,0.441293,0.241697,0.63558,0.366103
MAC,"Macao SAR, China",2026,0.22966,0.447989,0.235677,0.65284,0.370383
MAC,"Macao SAR, China",2027,0.231855,0.454684,0.229658,0.670101,0.374662
MDG,Madagascar,2024,0.304336,0.35725,0.20342,0.617407,0.35495
MDG,Madagascar,2025,0.308453,0.360941,0.204025,0.634683,0.360714
MDG,Madagascar,2026,0.312559,0.364621,0.204628,0.651912,0.366462
MDG,Madagascar,2027,0.316665,0.368302,0.205231,0.669141,0.372211
MWI,Malawi,2024,0.238721,0.330764,0.155111,0.588023,0.31069
MWI,Malawi,2025,0.239406,0.33239,0.154975,0.603745,0.314412
MWI,Malawi,2026,0.240089,0.334011,0.154839,0.619425,0.318124
MWI,Malawi,2027,0.240772,0.335632,0.154704,0.635104,0.321836
MYS,Malaysia,2024,0.277183,0.481812,0.503805,0.705576,0.470674
MYS,Malaysia,2025,0.279453,0.487097,0.504857,0.729761,0.477777
MYS,Malaysia,2026,0.281717,0.492368,0.505906,0.75388,0.484859
MYS,Malaysia,2027,0.28398,0.497638,0.506955,0.777999,0.491942
MDV,Maldives,2024,0.225364,0.34176,0.251158,0.617446,0.339328
MDV,Maldives,2025,0.227707,0.343463,0.249139,0.634729,0.343409
MDV,Maldives,2026,0.230044,0.345161,0.247126,0.651966,0.347478
MDV,Maldives,2027,0.23238,0.346859,0.245112,0.669202,0.351547
MLI,Mali,2024,0.231573,0.253074,0.19795,0.617419,0.305711
MLI,Mali,2025,0.234276,0.254769,0.199855,0.634699,0.310879
MLI,Mali,2026,0.236972,0.25646,0.201756,0.651931,0.316032
MLI,Mali,2027,0.239668,0.25815,0.203656,0.669164,0.321185
MHL,Marshall Islands,2024,0.246099,0.438369,0.295198,0.617368,0.380695
MHL,Marshall Islands,2025,0.247907,0.44367,0.29507,0.634647,0.385986
MHL,Marshall Islands,2026,0.24971,0.448956,0.294942,0.651878,0.391263
MHL,Marshall Islands,2027,0.251514,0.454242,0.294813,0.66911,0.39654
MUS,Mauritius,2024,0.219983,0.45532,0.358883,0.695395,0.408625
MUS,Mauritius,2025,0.221586,0.459818,0.355274,0.716503,0.413549
MUS,Mauritius,2026,0.223184,0.464303,0.351675,0.737553,0.41846
MUS,Mauritius,2027,0.224782,0.468788,0.348076,0.758603,0.423371
MEX,Mexico,2024,0.246465,0.400157,0.442602,0.580662,0.400762
MEX,Mexico,2025,0.246801,0.405409,0.444109,0.596026,0.405625
MEX,Mexico,2026,0.247136,0.410647,0.445611,0.611348,0.410475
MEX,Mexico,2027,0.247471,0.415885,0.447114,0.62667,0.415325
FSM,"Micronesia, Fed. Sts.",2024,0.244444,0.378401,0.263422,0.617298,0.357249
FSM,"Micronesia, Fed. Sts.",2025,0.247428,0.381729,0.266678,0.634575,0.363245
FSM,"Micronesia, Fed. Sts.",2026,0.250404,0.385048,0.269925,0.651805,0.369225
FSM,"Micronesia, Fed. Sts.",2027,0.253379,0.388367,0.273173,0.669035,0.375206
MDA,Moldova,2024,0.279187,0.334933,0.278912,0.605687,0.358355
MDA,Moldova,2025,0.281413,0.333375,0.277009,0.62255,0.36153
MDA,Moldova,2026,0.283633,0.331821,0.275111,0.639367,0.364696
MDA,Moldova,2027,0.285854,0.330267,0.273213,0.656184,0.367863
MNG,Mongolia,2024,0.244645,0.44645,0.340846,0.607741,0.391766
MNG,Mongolia,2025,0.246114,0.450898,0.343476,0.624605,0.397349
MNG,Mongolia,2026,0.247579,0.455335,0.346099,0.641422,0.402916
MNG,Mongolia,2027,0.249044,0.459771,0.348722,0.65824,0.408484
MNE,Montenegro,2024,0.247795,0.372295,0.301425,0.617409,0.366251
MNE,Montenegro,2025,0.250912,0.371464,0.297713,0.63469,0.369506
MNE,Montenegro,2026,0.254021,0.370636,0.294011,0.651924,0.372753
MNE,Montenegro,2027,0.25713,0.369808,0.290309,0.669157,0.376
MSR,Montserrat,2024,0.225265,0.34624,0.337842,0.617298,0.36206
MSR,Montserrat,2025,0.227466,0.349503,0.33773,0.634575,0.366963
MSR,Montserrat,2026,0.22966,0.352756,0.337619,0.651805,0.371853
MSR,Montserrat,2027,0.231855,0.356009,0.337508,0.669035,0.376743
MAR,Morocco,2024,0.236455,0.365073,0.42915,0.618591,0.39321
MAR,Morocco,2025,0.237906,0.369909,0.432448,0.635895,0.39914
MAR,Morocco,2026,0.239354,0.374732,0.435737,0.653153,0.405054
MAR,Morocco,2027,0.240802,0.379555,0.439027,0.67041,0.410968
MOZ,Mozambique,2024,0.240924,0.2955,0.185553,0.617843,0.316109
MOZ,Mozambique,2025,0.243227,0.298815,0.187358,0.635138,0.321539
MOZ,Mozambique,2026,0.245523,0.302121,0.189158,0.652386,0.326954
MOZ,Mozambique,2027,0.24782,0.305427,0.190959,0.669634,0.332369
MMR,Myanmar,2024,0.240022,0.338595,0.371114,0.606586,0.370751
MMR,Myanmar,2025,0.241793,0.340773,0.377829,0.623333,0.376855
MMR,Myanmar,2026,0.24356,0.342945,0.384526,0.640034,0.382943
MMR,Myanmar,2027,0.245327,0.345117,0.391222,0.656736,0.38903
NAM,Namibia,2024,0.221211,0.360802,0.334214,0.617407,0.363599
NAM,Namibia,2025,0.223248,0.363629,0.334745,0.634685,0.368505
NAM,Namibia,2026,0.225279,0.366447,0.335274,0.651916,0.373397
NAM,Namibia,2027,0.227311,0.369266,0.335804,0.669147,0.37829
NRU,Nauru,2024,0.231866,0.415369,0.352927,0.617296,0.385093
NRU,Nauru,2025,0.234574,0.421065,0.353179,0.634573,0.390848
NRU,Nauru,2026,0.237276,0.426746,0.35343,0.651803,0.396587
NRU,Nauru,2027,0.239977,0.432427,0.353681,0.669033,0.402327
NPL,Nepal,2024,0.295727,0.360713,0.365778,0.617456,0.393832
NPL,Nepal,2025,0.299955,0.365952,0.369558,0.634738,0.400812
NPL,Nepal,2026,0.304173,0.371176,0.373329,0.651974,0.407773
NPL,Nepal,2027,0.30839,0.376401,0.377099,0.669209,0.414734
NLD,Netherlands,2024,0.450245,0.567373,0.395345,0.90645,0.557043
NLD,Netherlands,2025,0.452938,0.572112,0.392899,0.930452,0.563225
NLD,Netherlands,2026,0.455624,0.576838,0.39046,0.954387,0.569389
NLD,Netherlands,2027,0.458309,0.581563,0.388021,0.978323,0.575553
NCL,New Caledonia,2024,0.225265,0.413113,0.355444,0.617473,0.383214
NCL,New Caledonia,2025,0.227466,0.418663,0.353959,0.634751,0.388346
NCL,New Caledonia,2026,0.22966,0.424198,0.352479,0.651982,0.393463
NCL,New Caledonia,2027,0.231855,0.429732,0.350998,0.669212,0.398581
NZL,New Zealand,2024,0.222598,0.541869,0.283761,0.619819,0.397151
NZL,New Zealand,2025,0.225194,0.544502,0.281491,0.637164,0.401489
NZL,New Zealand,2026,0.227783,0.547128,0.279227,0.654463,0.405816
NZL,New Zealand,2027,0.230372,0.549754,0.276964,0.671761,0.410143
NIC,Nicaragua,2024,0.256754,0.289136,0.358235,0.617394,0.362348
NIC,Nicaragua,2025,0.259374,0.288785,0.362509,0.634673,0.36757
NIC,Nicaragua,2026,0.261986,0.288434,0.366771,0.651904,0.372778
NIC,Nicaragua,2027,0.264599,0.288084,0.371032,0.669135,0.377986
NGA,Nigeria,2024,0.285017,0.307912,0.233874,0.619161,0.344784
NGA,Nigeria,2025,0.288299,0.308134,0.234929,0.636484,0.349552
NGA,Nigeria,2026,0.291571,0.308356,0.235981,0.65376,0.354307
NGA,Nigeria,2027,0.294843,0.308578,0.237032,0.671036,0.359063
NIU,Niue,2024,0.225265,0.34624,0.337842,0.617295,0.362059
NIU,Niue,2025,0.227466,0.349503,0.33773,0.634572,0.366962
NIU,Niue,2026,0.22966,0.352756,0.337619,0.651802,0.371852
NIU,Niue,2027,0.231855,0.356009,0.337508,0.669032,0.376742
MKD,North Macedonia,2024,0.224357,0.424901,0.491701,0.586849,0.413827
MKD,North Macedonia,2025,0.226315,0.428547,0.491975,0.607576,0.41954
MKD,North Macedonia,2026,0.228267,0.432184,0.492247,0.628247,0.425237
MKD,North Macedonia,2027,0.230219,0.435821,0.49252,0.648917,0.430935
MNP,Northern Mariana Islands,2024,0.225265,0.34624,0.3337,0.617584,0.361082
MNP,Northern Mariana Islands,2025,0.227466,0.349503,0.33238,0.634866,0.365684
MNP,Northern Mariana Islands,2026,0.22966,0.352756,0.331063,0.652102,0.370273
MNP,Northern Mariana Islands,2027,0.231855,0.356009,0.329746,0.669337,0.374863
NOR,Norway,2024,0.215887,0.435349,0.314071,0.626231,0.377367
NOR,Norway,2025,0.217395,0.438347,0.313679,0.643684,0.381962
NOR,Norway,2026,0.218898,0.441337,0.313288,0.661088,0.386543
NOR,Norway,2027,0.220401,0.444327,0.312897,0.678493,0.391125
OMN,Oman,2024,0.215368,0.320042,0.436478,0.618268,0.377394
OMN,Oman,2025,0.217422,0.323484,0.440541,0.635563,0.383346
OMN,Oman,2026,0.219471,0.326918,0.444593,0.65281,0.389281
OMN,Oman,2027,0.22152,0.330351,0.448644,0.670058,0.395216
PAK,Pakistan,2024,0.273983,0.264006,0.382545,0.618461,0.367525
PAK,Pakistan,2025,0.277476,0.266692,0.385416,0.635769,0.373424
PAK,Pakistan,2026,0.28096,0.269371,0.38828,0.653029,0.379306
PAK,Pakistan,2027,0.284443,0.27205,0.391143,0.67029,0.385189
PLW,Palau,2024,0.222426,0.43204,0.293846,0.617298,0.371659
PLW,Palau,2025,0.224569,0.437251,0.293446,0.634575,0.37696
PLW,Palau,2026,0.226706,0.442448,0.293048,0.651805,0.382247
PLW,Palau,2027,0.228843,0.447645,0.29265,0.669035,0.387533
PAN,Panama,2024,0.219103,0.424761,0.303899,0.618034,0.371502
PAN,Panama,2025,0.221172,0.428059,0.305463,0.635325,0.376797
PAN,Panama,2026,0.223235,0.431349,0.307022,0.65257,0.382077
PAN,Panama,2027,0.225298,0.434638,0.308582,0.669814,0.387357
PNG,Papua New Guinea,2024,0.244408,0.305274,0.17503,0.617678,0.316934
PNG,Papua New Guinea,2025,0.247724,0.308594,0.174714,0.634964,0.322137
PNG,Papua New Guinea,2026,0.251032,0.311905,0.174399,0.652203,0.327326
PNG,Papua New Guinea,2027,0.254339,0.315217,0.174083,0.669442,0.332515
PRY,Paraguay,2024,0.25651,0.353806,0.356741,0.66654,0.387897
PRY,Paraguay,2025,0.258321,0.354301,0.358403,0.698452,0.395363
PRY,Paraguay,2026,0.260127,0.354795,0.360061,0.730277,0.402808
PRY,Paraguay,2027,0.261933,0.355289,0.361719,0.762103,0.410253
PER,Peru,2024,0.232358,0.421266,0.310896,0.582014,0.369151
PER,Peru,2025,0.234051,0.425321,0.311908,0.597824,0.374088
PER,Peru,2026,0.23574,0.429365,0.312918,0.613591,0.379011
PER,Peru,2027,0.237428,0.433409,0.313927,0.629357,0.383934
PHL,Philippines,2024,0.271385,0.325289,0.394214,0.597349,0.380761
PHL,Philippines,2025,0.273838,0.329816,0.3941,0.619041,0.386939
PHL,Philippines,2026,0.276285,0.33433,0.393987,0.640674,0.393099
PHL,Philippines,2027,0.278731,0.338844,0.393873,0.662307,0.39926
POL,Poland,2024,0.226197,0.409345,0.448064,0.619473,0.406106
POL,Poland,2025,0.228073,0.413733,0.447561,0.637277,0.411201
POL,Poland,2026,0.229944,0.41811,0.44706,0.655033,0.416282
POL,Poland,2027,0.231815,0.422486,0.446558,0.672788,0.421363
PRT,Portugal,2024,0.255503,0.425946,0.351342,0.722308,0.415434
PRT,Portugal,2025,0.257751,0.430078,0.350475,0.745349,0.421533
PRT,Portugal,2026,0.259992,0.434198,0.34961,0.768327,0.427615
PRT,Portugal,2027,0.262234,0.438318,0.348745,0.791305,0.433697
PRI,Puerto Rico,2024,0.225265,0.463695,0.489982,0.617584,0.429516
PRI,Puerto Rico,2025,0.227466,0.467307,0.489678,0.634866,0.434459
PRI,Puerto Rico,2026,0.22966,0.47091,0.489375,0.652102,0.43939
PRI,Puerto Rico,2027,0.231855,0.474513,0.489072,0.669337,0.44432
QAT,Qatar,2024,0.217534,0.371992,0.421486,0.607151,0.38506
QAT,Qatar,2025,0.219285,0.378561,0.422143,0.623994,0.39076
QAT,Qatar,2026,0.22103,0.385113,0.422799,0.640791,0.396445
QAT,Qatar,2027,0.222776,0.391664,0.423454,0.657588,0.40213
ROU,Romania,2024,0.221331,0.332152,0.446824,0.591633,0.37947
ROU,Romania,2025,0.222603,0.331306,0.446468,0.613496,0.383924
ROU,Romania,2026,0.223872,0.330462,0.446113,0.635299,0.388365
ROU,Romania,2027,0.225141,0.329618,0.445758,0.657103,0.392807
RUS,Russian Federation,2024,0.25114,0.420061,0.349446,0.636167,0.394952
RUS,Russian Federation,2025,0.253388,0.424217,0.348666,0.653983,0.400034
RUS,Russian Federation,2026,0.255631,0.428361,0.347888,0.67175,0.405101
RUS,Russian Federation,2027,0.257873,0.432505,0.34711,0.689517,0.410169
RWA,Rwanda,2024,0.241249,0.366762,0.265297,0.617313,0.353852
RWA,Rwanda,2025,0.243772,0.369295,0.270874,0.634591,0.360092
RWA,Rwanda,2026,0.246288,0.371822,0.276435,0.651822,0.366315
RWA,Rwanda,2027,0.248804,0.374348,0.281996,0.669052,0.372538
WSM,Samoa,2024,0.278354,0.414362,0.234132,0.61731,0.369092
WSM,Samoa,2025,0.282294,0.421737,0.226593,0.634588,0.373688
WSM,Samoa,2026,0.286224,0.429092,0.219074,0.651818,0.378272
WSM,Samoa,2027,0.290154,0.436447,0.211555,0.669049,0.382856
STP,Sao Tome and Principe,2024,0.245909,0.284701,0.22388,0.617296,0.324377
STP,Sao Tome and Principe,2025,0.247081,0.282608,0.221132,0.634573,0.326974
STP,Sao Tome and Principe,2026,0.24825,0.280522,0.218391,0.651804,0.329564
STP,Sao Tome and Principe,2027,0.24942,0.278435,0.21565,0.669034,0.332154
SAU,Saudi Arabia,2024,0.251647,0.348217,0.380985,0.605706,0.378936
SAU,Saudi Arabia,2025,0.254599,0.351998,0.381309,0.622366,0.38418
SAU,Saudi Arabia,2026,0.257543,0.355769,0.381633,0.638981,0.38941
SAU,Saudi Arabia,2027,0.260487,0.359539,0.381956,0.655596,0.394639
SRB,Serbia,2024,0.276153,0.360556,0.394627,0.634872,0.398616
SRB,Serbia,2025,0.279077,0.361636,0.393036,0.653026,0.402996
SRB,Serbia,2026,0.281992,0.362713,0.391449,0.671131,0.407364
SRB,Serbia,2027,0.284908,0.363789,0.389862,0.689235,0.411732
SYC,Seychelles,2024,0.229104,0.29472,0.283791,0.617428,0.336845
SYC,Seychelles,2025,0.231317,0.296021,0.281198,0.634711,0.340642
SYC,Seychelles,2026,0.233523,0.297317,0.278611,0.651946,0.344428
SYC,Seychelles,2027,0.235729,0.298614,0.276025,0.669181,0.348215
SGP,Singapore,2024,0.254219,0.45537,0.442849,0.679234,0.436667
SGP,Singapore,2025,0.256991,0.458917,0.439577,0.698756,0.441472
SGP,Singapore,2026,0.259756,0.462454,0.436314,0.718224,0.446264
SGP,Singapore,2027,0.26252,0.465991,0.433051,0.737693,0.451055
SXM,Sint Maarten (Dutch part),2024,0.225265,0.360528,0.283881,0.617348,0.352151
SXM,Sint Maarten (Dutch part),2025,0.227466,0.363245,0.281219,0.634625,0.356281
SXM,Sint Maarten (Dutch part),2026,0.22966,0.365955,0.278564,0.651856,0.360399
SXM,Sint Maarten (Dutch part),2027,0.231855,0.368665,0.275908,0.669086,0.364517
SVK,Slovak Republic,2024,0.234231,0.356618,0.493562,0.619978,0.40681
SVK,Slovak Republic,2025,0.237436,0.360398,0.492081,0.636753,0.411701
SVK,Slovak Republic,2026,0.240632,0.364169,0.490603,0.653482,0.416579
SVK,Slovak Republic,2027,0.243829,0.367939,0.489126,0.670211,0.421457
SVN,Slovenia,2024,0.221344,0.380812,0.475694,0.62795,0.406119
SVN,Slovenia,2025,0.223364,0.384972,0.476311,0.645014,0.411333
SVN,Slovenia,2026,0.225378,0.389122,0.476927,0.662033,0.416532
SVN,Slovenia,2027,0.227393,0.393271,0.477542,0.679051,0.421731
SLB,Solomon Islands,2024,0.250627,0.380595,0.241541,0.617317,0.354185
SLB,Solomon Islands,2025,0.253894,0.384831,0.24635,0.634594,0.360882
SLB,Solomon Islands,2026,0.257152,0.389055,0.251147,0.651825,0.367561
SLB,Solomon Islands,2027,0.26041,0.39328,0.255944,0.669055,0.37424
SOM,Somalia,2024,0.29552,0.34624,0.327375,0.617584,0.380577
SOM,Somalia,2025,0.297827,0.349503,0.329564,0.634866,0.386088
SOM,Somalia,2026,0.300128,0.352756,0.331746,0.652102,0.391584
SOM,Somalia,2027,0.302428,0.356009,0.333928,0.669337,0.39708
ZAF,South Africa,2024,0.206504,0.34624,0.417525,0.607026,0.374298
ZAF,South Africa,2025,0.20809,0.349503,0.417808,0.623634,0.378982
ZAF,South Africa,2026,0.209672,0.352756,0.41809,0.640196,0.383652
ZAF,South Africa,2027,0.211253,0.356009,0.418373,0.656758,0.388323
SSD,South Sudan,2024,0.251385,0.298805,0.180862,0.617382,0.318809
SSD,South Sudan,2025,0.254023,0.300798,0.175477,0.634661,0.322208
SSD,South Sudan,2026,0.256653,0.302786,0.170105,0.651894,0.325598
SSD,South Sudan,2027,0.259284,0.304774,0.164734,0.669126,0.328987
ESP,Spain,2024,0.314213,0.474424,0.376367,0.742117,0.455385
ESP,Spain,2025,0.315292,0.478433,0.374692,0.76358,0.460585
ESP,Spain,2026,0.316368,0.482431,0.373021,0.784984,0.46577
ESP,Spain,2027,0.317443,0.486429,0.371351,0.806388,0.470955
LKA,Sri Lanka,2024,0.247473,0.301378,0.409599,0.61777,0.37554
LKA,Sri Lanka,2025,0.249461,0.303592,0.411336,0.635054,0.380581
LKA,Sri Lanka,2026,0.251443,0.305801,0.413067,0.652291,0.385608
LKA,Sri Lanka,2027,0.253425,0.308009,0.414799,0.669527,0.390635
KNA,St. Kitts and Nevis,2024,0.221155,0.388697,0.328868,0.617333,0.369204
KNA,St. Kitts and Nevis,2025,0.223007,0.391323,0.326514,0.634611,0.373284
KNA,St. Kitts and Nevis,2026,0.224855,0.393943,0.324167,0.651841,0.377352
KNA,St. Kitts and Nevis,2027,0.226703,0.396562,0.32182,0.669072,0.381421
MAF,St. Martin (French part),2024,0.225265,0.34624,0.336891,0.617584,0.361879
MAF,St. Martin (French part),2025,0.227466,0.349503,0.336587,0.634866,0.366735
MAF,St. Martin (French part),2026,0.22966,0.352756,0.336283,0.652102,0.371578
MAF,St. Martin (French part),2027,0.231855,0.356009,0.335979,0.669337,0.376421
VCT,St. Vincent and the Grenadines,2024,0.234397,0.335603,0.339801,0.617308,0.362632
VCT,St. Vincent and the Grenadines,2025,0.236666,0.337256,0.341633,0.634586,0.367639
VCT,St. Vincent and the Grenadines,2026,0.238929,0.338905,0.34346,0.651816,0.372633
VCT,St. Vincent and the Grenadines,2027,0.241192,0.340554,0.345287,0.669046,0.377627
SSF,Sub-Saharan Africa,2024,0.225265,0.34624,0.337842,0.632311,0.365062
SSF,Sub-Saharan Africa,2025,0.227466,0.349503,0.33773,0.649899,0.370028
SSF,Sub-Saharan Africa,2026,0.22966,0.352756,0.337619,0.66744,0.37498
SSF,Sub-Saharan Africa,2027,0.231855,0.356009,0.337508,0.68498,0.379932
SDN,Sudan,2024,0.253408,0.31687,0.272244,0.617364,0.346774
SDN,Sudan,2025,0.256203,0.321415,0.275855,0.63464,0.353106
SDN,Sudan,2026,0.258991,0.325947,0.279456,0.651869,0.359422
SDN,Sudan,2027,0.261779,0.330479,0.283057,0.669098,0.365738
SUR,Suriname,2024,0.236931,0.338224,0.370884,0.617399,0.371836
SUR,Suriname,2025,0.239158,0.341138,0.372519,0.634679,0.377097
SUR,Suriname,2026,0.241378,0.344044,0.374149,0.651912,0.382344
SUR,Suriname,2027,0.243598,0.346951,0.375779,0.669145,0.387591
SWE,Sweden,2024,0.220662,0.417771,0.386368,0.641603,0.395554
SWE,Sweden,2025,0.22178,0.421614,0.385282,0.653994,0.399057
SWE,Sweden,2026,0.222894,0.425447,0.3842,0.666351,0.40255
SWE,Sweden,2027,0.224009,0.429279,0.383117,0.678708,0.406043
CHE,Switzerland,2024,0.247665,0.424591,0.41566,0.666477,0.417657
CHE,Switzerland,2025,0.249831,0.42733,0.415574,0.684922,0.42266
CHE,Switzerland,2026,0.251991,0.43006,0.415489,0.703317,0.427648
CHE,Switzerland,2027,0.254152,0.432791,0.415404,0.721712,0.432637
SYR,Syrian Arab Republic,2024,0.222736,0.241973,0.357897,0.617584,0.340305
SYR,Syrian Arab Republic,2025,0.22443,0.244059,0.35832,0.634866,0.344897
SYR,Syrian Arab Republic,2026,0.226119,0.24614,0.358741,0.652102,0.349476
SYR,Syrian Arab Republic,2027,0.227808,0.248221,0.359163,0.669337,0.354056
TWN,"Taiwan, China",2024,0.225265,0.34624,0.337842,0.625907,0.363781
TWN,"Taiwan, China",2025,0.227466,0.349503,0.33773,0.64339,0.368726
TWN,"Taiwan, China",2026,0.22966,0.352756,0.337619,0.660826,0.373657
TWN,"Taiwan, China",2027,0.231855,0.356009,0.337508,0.678262,0.378588
TJK,Tajikistan,2024,0.327736,0.430647,0.310922,0.617306,0.407174
TJK,Tajikistan,2025,0.33204,0.439087,0.309605,0.634583,0.413701
TJK,Tajikistan,2026,0.336332,0.447503,0.308291,0.651813,0.420211
TJK,Tajikistan,2027,0.340624,0.455919,0.306977,0.669043,0.42672
THA,Thailand,2024,0.234932,0.514562,0.448533,0.227933,0.35684
THA,Thailand,2025,0.237516,0.523983,0.449101,0.226866,0.359899
THA,Thailand,2026,0.240093,0.533378,0.449667,0.225802,0.362949
THA,Thailand,2027,0.242669,0.542773,0.450233,0.224738,0.366
TLS,Timor-Leste,2024,0.247,0.300162,0.28108,0.61731,0.342872
TLS,Timor-Leste,2025,0.250042,0.302945,0.287495,0.634587,0.34954
TLS,Timor-Leste,2026,0.253075,0.30572,0.293893,0.651817,0.356189
TLS,Timor-Leste,2027,0.256109,0.308495,0.300291,0.669047,0.362839
TON,Tonga,2024,0.291009,0.398417,0.315947,0.617302,0.389354
TON,Tonga,2025,0.294133,0.401888,0.318616,0.63458,0.395282
TON,Tonga,2026,0.297249,0.40535,0.321278,0.65181,0.401194
TON,Tonga,2027,0.300365,0.408812,0.32394,0.66904,0.407106
TTO,Trinidad and Tobago,2024,0.244032,0.344972,0.389814,0.617853,0.380477
TTO,Trinidad and Tobago,2025,0.247638,0.347075,0.389464,0.635152,0.385457
TTO,Trinidad and Tobago,2026,0.251234,0.349172,0.389116,0.652403,0.390423
TTO,Trinidad and Tobago,2027,0.254831,0.351268,0.388767,0.669654,0.395389
TUN,Tunisia,2024,0.217983,0.365443,0.477833,0.64107,0.404428
TUN,Tunisia,2025,0.218894,0.371013,0.479089,0.659208,0.410036
TUN,Tunisia,2026,0.219803,0.376569,0.480342,0.677297,0.415628
TUN,Tunisia,2027,0.220712,0.382124,0.481595,0.695386,0.42122
TUR,Turkiye,2024,0.221997,0.536009,0.468926,0.614542,0.440741
TUR,Turkiye,2025,0.223101,0.548598,0.47108,0.631442,0.448138
TUR,Turkiye,2026,0.224202,0.561153,0.473227,0.648295,0.455515
TUR,Turkiye,2027,0.225303,0.573708,0.475375,0.665148,0.462891
TKM,Turkmenistan,2024,0.234273,0.34624,0.392032,0.617584,0.378367
TKM,Turkmenistan,2025,0.236265,0.349503,0.391872,0.634866,0.383197
TKM,Turkmenistan,2026,0.238252,0.352756,0.391713,0.652102,0.388013
TKM,Turkmenistan,2027,0.240239,0.356009,0.391554,0.669337,0.39283
TCA,Turks and Caicos Islands,2024,0.225265,0.34624,0.288849,0.617354,0.349823
TCA,Turks and Caicos Islands,2025,0.227466,0.349503,0.288225,0.634626,0.354597
TCA,Turks and Caicos Islands,2026,0.22966,0.352756,0.287602,0.65185,0.359358
TCA,Turks and Caicos Islands,2027,0.231855,0.356009,0.28698,0.669075,0.364119
TUV,Tuvalu,2024,0.219214,0.408672,0.345648,0.617296,0.377803
TUV,Tuvalu,2025,0.219413,0.414259,0.348654,0.634573,0.383467
TUV,Tuvalu,2026,0.219612,0.419831,0.351652,0.651803,0.389115
TUV,Tuvalu,2027,0.219812,0.425402,0.35465,0.669033,0.394763
UGA,Uganda,2024,0.251592,0.317765,0.234767,0.617611,0.337133
UGA,Uganda,2025,0.253477,0.320231,0.237803,0.634897,0.342531
UGA,Uganda,2026,0.255358,0.32269,0.240831,0.652137,0.347915
UGA,Uganda,2027,0.257238,0.325149,0.243859,0.669376,0.353299
UKR,Ukraine,2024,0.249949,0.387841,0.329601,0.619337,0.378213
UKR,Ukraine,2025,0.251918,0.386799,0.324517,0.636648,0.380734
UKR,Ukraine,2026,0.253881,0.38576,0.319446,0.653911,0.383248
UKR,Ukraine,2027,0.255844,0.384721,0.314375,0.671175,0.385762
ARE,United Arab Emirates,2024,0.233684,0.404533,0.392914,0.635866,0.39664
ARE,United Arab Emirates,2025,0.236086,0.410203,0.393473,0.653652,0.402475
ARE,United Arab Emirates,2026,0.238483,0.415858,0.39403,0.67139,0.408295
ARE,United Arab Emirates,2027,0.240879,0.421512,0.394587,0.689127,0.414114
GBR,United Kingdom,2024,0.190075,0.464335,0.34052,0.531814,0.364599
GBR,United Kingdom,2025,0.185568,0.465246,0.338312,0.522887,0.361137
GBR,United Kingdom,2026,0.181072,0.466156,0.336109,0.513984,0.357685
GBR,United Kingdom,2027,0.176577,0.467065,0.333906,0.50508,0.354232
USA,United States,2024,0.401307,0.526222,0.315353,0.918745,0.514535
USA,United States,2025,0.405674,0.528773,0.312541,0.940054,0.520042
USA,United States,2026,0.410029,0.531318,0.309737,0.961305,0.525533
USA,United States,2027,0.414384,0.533863,0.306933,0.982555,0.531025
URY,Uruguay,2024,0.23107,0.401231,0.297115,0.617775,0.367462
URY,Uruguay,2025,0.232944,0.402067,0.294806,0.635066,0.371114
URY,Uruguay,2026,0.234813,0.402902,0.292502,0.652309,0.374757
URY,Uruguay,2027,0.236682,0.403736,0.290199,0.669552,0.378399
UZB,Uzbekistan,2024,0.293431,0.339874,0.36231,0.617494,0.387074
UZB,Uzbekistan,2025,0.297727,0.345558,0.363449,0.634776,0.393525
UZB,Uzbekistan,2026,0.302011,0.351226,0.364585,0.652011,0.399958
UZB,Uzbekistan,2027,0.306295,0.356893,0.365721,0.669246,0.406391
VUT,Vanuatu,2024,0.252362,0.414093,0.246476,0.617305,0.364312
VUT,Vanuatu,2025,0.256159,0.419032,0.250045,0.634582,0.371033
VUT,Vanuatu,2026,0.259946,0.423957,0.253604,0.651812,0.377737
VUT,Vanuatu,2027,0.263733,0.428882,0.257164,0.669042,0.38444
VEN,"Venezuela, RB",2024,0.26166,0.333491,0.312187,0.618922,0.363702
VEN,"Venezuela, RB",2025,0.264817,0.335557,0.309455,0.63622,0.367942
VEN,"Venezuela, RB",2026,0.267965,0.337618,0.306732,0.65347,0.372171
VEN,"Venezuela, RB",2027,0.271113,0.339679,0.304008,0.670721,0.3764
VNM,Viet Nam,2024,0.278683,0.463967,0.526034,0.618555,0.454816
VNM,Viet Nam,2025,0.280645,0.471302,0.534166,0.635878,0.462736
VNM,Viet Nam,2026,0.282601,0.478618,0.542275,0.653153,0.470634
VNM,Viet Nam,2027,0.284558,0.485933,0.550385,0.670428,0.478533
VIR,Virgin Islands (U.S.),2024,0.225265,0.34624,0.364628,0.617584,0.368813
VIR,Virgin Islands (U.S.),2025,0.227466,0.349503,0.361273,0.634866,0.372907
VIR,Virgin Islands (U.S.),2026,0.22966,0.352756,0.357928,0.652102,0.376989
VIR,Virgin Islands (U.S.),2027,0.231855,0.356009,0.354583,0.669337,0.381072
PSE,West Bank and Gaza,2024,0.225265,0.353288,0.43216,0.559677,0.375877
PSE,West Bank and Gaza,2025,0.227466,0.356136,0.433048,0.573664,0.380268
PSE,West Bank and Gaza,2026,0.22966,0.358975,0.433933,0.587612,0.384648
PSE,West Bank and Gaza,2027,0.231855,0.361815,0.434819,0.601561,0.389027
YEM,"Yemen, Rep.",2024,0.269513,0.32599,0.325154,0.617464,0.367132
YEM,"Yemen, Rep.",2025,0.272193,0.329031,0.327007,0.634741,0.372616
YEM,"Yemen, Rep.",2026,0.274866,0.332064,0.328856,0.651971,0.378084
YEM,"Yemen, Rep.",2027,0.277538,0.335097,0.330704,0.669201,0.383552
ZMB,Zambia,2024,0.224635,0.311058,0.246688,0.617407,0.330308
ZMB,Zambia,2025,0.225923,0.309431,0.248771,0.634688,0.334265
ZMB,Zambia,2026,0.227208,0.307808,0.250848,0.651922,0.338211
ZMB,Zambia,2027,0.228493,0.306186,0.252925,0.669156,0.342157
ZWE,Zimbabwe,2024,0.310725,0.325326,0.257644,0.617412,0.362442
ZWE,Zimbabwe,2025,0.317168,0.32549,0.259535,0.634688,0.368344
ZWE,Zimbabwe,2026,0.323594,0.325654,0.26142,0.651918,0.37423
ZWE,Zimbabwe,2027,0.330019,0.325818,0.263306,0.669147,0.380116
